Order_ID,Product_Category,Shipping_Mode,Order_Value,Package_Weight_Kg,Warehouse_Distance_Km,Items_in_Order,Warehouse_Processing_Hours,Courier_Load_Index,Traffic_Index,Delivery_Time_Hours
ORD100001,Electronics,Standard,2600,2.7,825.6,3,2.2,1.65,5.74,66.12
ORD100002,Books,Same-Day,3212,3.34,219.6,7,4.58,3.76,7.59,38.35
ORD100003,Books,Express,2966,2.6,108.0,1,2.36,5.08,3.74,25.38
ORD100004,Beauty,Express,5149,3.26,223.4,6,2.21,5.33,1.28,27.83
ORD100005,Electronics,Express,5867,3.65,250.0,5,1.93,6.53,9.92,43.45
ORD100006,Fashion,Standard,720,2.54,517.2,1,1.99,3.02,7.41,56.64
ORD100007,Home & Kitchen,Standard,5928,4.98,19.7,5,3.41,7.39,4.62,38.46
ORD100008,Books,Same-Day,6885,4.14,679.9,8,4.58,1.72,2.39,48.1
ORD100009,Fashion,Standard,3960,6.46,395.3,5,4.83,7.76,2.54,50.39
ORD100010,Home & Kitchen,Express,5105,4.64,776.5,5,2.99,8.31,5.41,64.7
ORD100011,Home & Kitchen,Same-Day,3722,4.42,165.7,3,2.28,7.52,7.25,37.85
ORD100012,Beauty,Standard,2408,4.91,522.5,1,2.56,6.25,7.3,54.27
ORD100013,Books,Express,3718,2.36,490.4,3,1.23,8.54,2.76,48.51
ORD100014,Fashion,Standard,2583,3.97,121.2,6,1.55,8.67,5.63,41.65
ORD100015,Electronics,Same-Day,8674,5.1,-60,10,2.99,1.15,6.83,40.07
ORD100016,Fashion,Same-Day,3810,2.11,858.9,3,1.26,5.19,1.42,47.27
ORD100017,Home & Kitchen,Standard,3832,5.4,672.1,4,1.48,8.37,1.02,55.46
ORD100018,Books,Express,926,3.9,438.2,4,3.18,5.22,7.2,50.79
ORD100019,Fashion,Express,5764,3.67,133.9,4,1.39,8.68,6.99,35.93
ORD100020,Electronics,Express,3906,4.11,194.9,8,3.01,4.08,3.02,33.96
ORD100021,Beauty,Same-Day,1625,1.58,815.5,2,1.41,6.24,7.6,57.26
ORD100022,Books,Same-Day,3108,3.98,371.1,7,4.38,6.45,4.52,41.08
ORD100023,Electronics,Standard,14420,3.59,906.4,3,0.79,1.13,2.78,67.48
ORD100024, electronics,Express,7243,2.7,269.1,3,1.65,1.75,8.96,38.67
ORD100025,Beauty,Express,6022,3.67,528.5,10,3.28,8.67,9.56,60.44
ORD100026,Home & Kitchen,Standard,8899,4.43,694.9,4,3.94,1.02,8.63,60.57
ORD100027,Home & Kitchen,Same-Day,4585,3.14,676.4,5,2.19,3.03,4.77,49.39
ORD100028,Fashion,Express,7766,2.74,608.7,3,,2.27,1.05,41.57
ORD100029,Home & Kitchen,Standard,4837,4.06,733.8,6,3.21,3.54,2.98,66.02
ORD100030,Electronics,Express,6148,2.82,892.5,2,1.91,2.58,9.07,70.55
ORD100031,Home & Kitchen,Standard,4767,5.53,740.7,7,2.25,4.34,7.12,74.42
ORD100032,Electronics,Same-Day,4257,2.79,24.7,1,1.75,3.47,2.38,14.5
ORD100033,Books,Same-Day,4384,4.52,939.6,6,3.64,7.31,8.11,67.18
ORD100034,Beauty,Express,8532,4.26,322.6,9,3.37,9.03,7.17,49.18
ORD100035,Fashion,Same-Day,3029,2.23,379.5,3,3.19,1.93,6.36,31.23
ORD100036,Books,Standard,1220,2.32,547.8,2,3.86,2.22,8.3,57.08
ORD100037,Fashion,Standard,3639,3.22,399.0,1,3.54,1.68,9.21,51.74
ORD100038,Beauty,Same-Day,3954,4.17,336.4,1,0.98,5.36,2.24,25.37
ORD100039,Home & Kitchen,Standard,3679,4.85,675.9,2,1.1,6.72,7.74,71.0
ORD100040,Home & Kitchen,Same-Day,7037,7.65,184.3,10,2.65,3.13,5.78,30.07
ORD100041,Beauty,Standard,3645,1.4,108.4,1,1.75,6.66,8.39,37.34
ORD100042,Books,Same-Day,2709,2.69,341.9,2,2.39,2.93,7.68,28.57
ORD100043,Beauty,Express,2013,3.97,948.3,5,1.67,1.81,8.89,64.97
ORD100044,Books,Standard,8984,3.78,80.8,9,4.78,1.49,2.05,25.1
ORD100045,Books,Same-Day,3472,3.04,795.3,3,2.32,6.66,4.8,50.47
ORD100046,Fashion,Standard,6331,3.92,902.0,7,2.88,4.11,3.43,71.73
ORD100047,Fashion,Standard,6139,3.45,323.8,8,3.75,7.34,5.92,50.23
ORD100048,Beauty,Express,2274,2.55,623.4,4,3.41,9.01,7.41,62.9
ORD100049,Fashion,Standard,1685,4.68,403.5,4,0.93,2.05,4.08,40.34
ORD100050,Beauty,Same-Day,4788,2.34,287.3,3,1.93,5.32,5.82,35.82
ORD100051,Home & Kitchen,Same-Day,7691,3.72,199.8,7,2.18,4.23,1.54,28.98
ORD100052,Electronics,Standard,1497,2.51,170.8,1,3.49,9.75,9.61,55.24
ORD100053,Books,Express,1813,2.76,663.3,3,3.78,7.61,8.05,54.76
ORD100054,Electronics,Express,10306,7.22,148.3,10,3.96,2.11,5.82,37.77
ORD100055,Books,Standard,866,2.15,504.4,2,3.82,5.75,4.03,61.23
ORD100056,Electronics,Standard,671,4.05,469.5,1,1.89,3.26,9.4,52.89
ORD100057,Home & Kitchen,Same-Day,2561,2.74,91.7,2,1.94,2.01,3.57,19.36
ORD100058,Home & Kitchen,Same-Day,4738,3.79,138.7,3,2.37,1.46,4.31,21.4
ORD100059,Beauty,Standard,2266,2.52,266.7,5,1.17,8.77,3.87,49.57
ORD100060,Books,Standard,3049,2.99,743.1,6,5.03,5.44,9.2,77.06
ORD100061,Home & Kitchen,Same-Day,4839,2.94,118.7,4,2.49,8.71,4.27,29.41
ORD100062,Fashion,Same-Day,3634,3.32,80.1,8,4.74,4.61,2.2,23.71
ORD100063,Beauty,Same-Day,2915,2.89,421.3,2,4.0,7.31,5.76,43.49
ORD100064,Home & Kitchen,Express,1326,2.37,47.1,1,1.32,7.68,5.28,24.91
ORD100065,Electronics,Express,4230,4.6,340.7,0,3.28,7.24,2.9,45.98
ORD100066,Fashion,Standard,3477,3.52,112.7,6,2.86,9.24,6.75,51.82
ORD100067,Electronics,Express,2828,3.57,226.2,1,3.68,8.2,7.71,39.83
ORD100068,Fashion,Standard,2081,1.9,19.8,1,1.47,5.66,3.16,23.74
ORD100069,Home & Kitchen,Express,5640,2.78,135.6,2,3.54,1.12,5.32,27.09
ORD100070,Home & Kitchen,Same-Day,4326,3.36,406.5,3,1.25,9.23,6.33,34.98
ORD100071,Electronics,Express,9662,4.48,922.3,9,4.32,6.81,5.5,64.92
ORD100072,Electronics,Standard,6734,3.64,152.6,7,4.27,1.22,3.15,39.29
ORD100073,Fashion,Same-Day,7440,3.76,85.3,7,3.2,7.72,8.75,30.21
ORD100074,Home & Kitchen,Standard,3336,6.5,631.6,1,1.23,9.83,6.96,58.01
ORD100075,Home & Kitchen,Standard,3862,4.61,643.1,3,2.62,4.71,2.47,55.04
ORD100076,Fashion,Express,4131,4.1,337.4,6,4.42,3.61,2.28,40.38
ORD100077,Fashion,Express,5970,3.93,323.8,8,3.02,8.2,8.55,46.19
ORD100078,Fashion,Express,3491,2.23,385.0,1,0.67,3.89,2.04,31.3
ORD100079,Beauty,Express,2927,3.93,780.0,6,4.17,8.79,7.52,67.06
ORD100080,Fashion,Standard,5313,2.56,660.1,3,2.61,5.72,1.88,56.4
ORD100081,Electronics,Express,3545,2.32,585.6,2,2.96,3.46,6.67,46.08
ORD100082,Home & Kitchen,Same-Day,4380,3.02,559.0,2,1.39,9.78,6.68,43.91
ORD100083,Books,Same-Day,2938,1.51,733.2,1,2.15,9.04,5.39,47.23
ORD100084,Home & Kitchen,Same-Day,6072,4.48,890.5,8,2.39,8.26,8.74,75.63
ORD100085,Fashion,Standard,8288,4.55,724.2,10,3.24,5.23,4.85,64.44
ORD100086,Home & Kitchen,express,3319,3.38,237.3,5,3.87,5.93,4.97,38.74
ORD100087,Books,Standard,5639,4.75,498.5,7,2.9,2.95,6.81,59.01
ORD100088,Books,Express,3463,5.64,560.5,7,2.27,3.96,5.34,52.68
ORD100089,Home & Kitchen,Standard,5252,3.89,414.5,5,3.56,2.13,1.63,46.57
ORD100090,Electronics,Same-Day,6379,4.6,373.5,4,2.83,1.94,5.14,31.76
ORD100091,Books,Express,5581,2.94,84.6,6,4.83,5.08,3.41,27.48
ORD100092,Electronics,Standard,7376,5.53,31.5,6,2.22,2.34,1.82,25.68
ORD100093,Electronics,Standard,5896,5.3,319.4,7,2.15,5.53,8.65,47.46
ORD100094,Home & Kitchen,Standard,3945,3.83,563.2,3,2.12,3.4,9.23,58.39
ORD100095,Books,Express,3924,3.2,502.4,2,1.04,9.57,7.58,52.55
ORD100096,Fashion,Express,5896,3.95,739.9,8,3.12,9.99,9.56,74.34
ORD100097,BOOKS,Express,1944,2.97,284.9,1,3.22,7.32,2.68,31.87
ORD100098,Books,Standard,4393,3.43,429.8,3,2.23,2.01,3.95,48.96
ORD100099,Electronics,Standard,5708,3.1,891.7,3,1.73,2.13,4.87,68.77
ORD100100,Books,Express ,1079,2.48,760.9,4,2.35,7.82,8.54,66.41
ORD100101,Home & Kitchen,Same-Day,4174,4.75,611.8,8,2.9,5.76,1.38,44.43
ORD100102,Electronics,Standard,3754,4.02,162.8,4,2.96,7.96,7.65,36.86
ORD100103,Fashion,Same-Day,3157,2.11,548.3,1,2.9,7.09,9.0,53.24
ORD100104,Fashion,Same-Day,4792,3.45,753.0,7,3.44,9.77,9.47,63.91
ORD100105,Beauty,Standard,1155,2.15,942.0,2,3.93,5.58,6.57,75.27
ORD100106,Fashion,Standard,3348,2.87,793.5,3,3.25,1.7,2.26,63.39
ORD100107,Beauty,Express,4075,1.91,912.0,2,1.87,9.18,9.8,77.46
ORD100108,Fashion,Standard,2809,6.38,304.7,2,3.37,3.53,6.92,54.08
ORD100109,Home & Kitchen,Same-Day,4904,5.0,861.8,5,1.29,8.51,1.61,52.36
ORD100110,Home & Kitchen,Standard,2211,2.82,166.6,3,3.49,6.41,4.85,42.94
ORD100111,Electronics,Standard,6587,4.09,489.5,8,4.36,3.5,7.45,60.17
ORD100112,Home & Kitchen,Express,4042,4.23,71.8,8,4.72,3.4,6.55,37.5
ORD100113,Books,Standard,4677,4.13,204.9,3,0.84,6.41,9.59,48.63
ORD100114,Books,Same-Day,3306,3.2,89.4,7,3.27,3.2,4.78,23.63
ORD100115,Beauty,Express,6680,4.02,68.0,8,1.86,4.39,8.34,28.81
ORD100116,Beauty,Same-Day,2789,3.48,730.7,5,3.56,6.59,1.3,43.57
ORD100117,Books,Express,3328,1.79,429.1,2,1.02,5.42,2.66,42.26
ORD100118,Home & Kitchen,Standard,5058,2.63,763.2,3,2.63,7.48,1.25,63.46
ORD100119,Beauty,Standard,4964,4.14,430.5,9,3.57,6.56,8.37,64.17
ORD100120,Fashion,Standard,2287,3.89,287.9,3,1.53,4.47,6.14,47.47
ORD100121,Home & Kitchen,Express,4642,4.49,169.7,1,1.92,7.08,2.61,30.82
ORD100122,Books,express,4024,2.72,307.2,4,2.0,3.9,1.37,30.34
ORD100123,Books,Standard,300,3.6,772.4,2,3.49,7.23,9.6,71.19
ORD100124,Fashion,Same-Day,6990,3.03,282.6,6,2.41,1.27,2.72,28.12
ORD100125,Beauty,Standard,8014,4.17,23.0,10,3.92,1.32,5.8,35.49
ORD100126,Beauty,Same-Day,1848,2.87,472.6,1,3.13,9.91,2.74,34.79
ORD100127,Books,Express,,5.06,231.3,4,1.38,7.12,8.9,43.5
ORD100128,Fashion,Same-Day,7990,3.82,330.5,9,4.52,5.72,1.94,34.11
ORD100129,Fashion,Standard,4401,3.21,204.1,7,4.31,6.42,9.69,51.04
ORD100130,Home & Kitchen,Standard,4258,4.12,670.3,3,1.19,7.63,2.52,64.64
ORD100131,Beauty,Standard,3390,3.25,624.7,8,2.42,8.42,6.19,63.34
ORD100132,Fashion,Express,919,2.95,890.4,2,4.31,1.73,5.51,61.58
ORD100133,Fashion,Same-Day,3598,4.27,618.5,7,2.65,9.99,5.17,50.19
ORD100134,Fashion,Standard,3029,4.69,755.0,3,2.67,1.99,2.89,57.21
ORD100135,Home & Kitchen,Same-Day,6246,4.39,16.6,8,3.48,3.85,4.04,31.54
ORD100136,BOOKS,Standard,5473,4.82,324.0,10,4.4,3.15,1.38,44.93
ORD100137,Books,Express,4198,3.2,571.1,4,1.63,6.7,5.06,52.33
ORD100138,Electronics,Standard,7270,5.94,437.9,8,4.63,8.81,7.24,64.19
ORD100139,FASHION,Same-Day,3863,2.58,587.0,5,2.79,8.17,8.9,56.65
ORD100140,Books,Same-Day,6688,4.07,137.7,5,4.27,3.69,2.69,24.03
ORD100141,Electronics,Same-Day,2394,4.06,823.4,3,4.06,6.99,2.07,55.12
ORD100142,Beauty,Express,3824,4.22,527.3,8,2.18,9.27,7.25,54.26
ORD100143,Fashion,Same-Day,1647,2.74,813.8,2,2.49,3.42,1.4,44.34
ORD100144,Electronics,Standard,3064,3.4,68.7,4,2.23,9.94,9.64,41.6
ORD100145,Beauty,Express,6837,4.01,419.7,7,4.72,6.05,9.69,58.29
ORD100146,Beauty,Express,4166,2.02,505.0,3,3.59,7.82,3.09,52.41
ORD100147,Beauty,Standard,4245,6.06,406.2,7,1.73,6.59,1.3,47.45
ORD100148,Fashion,Standard,6113,3.94,25.8,9,4.92,8.41,7.06,42.7
ORD100149,Beauty,Standard,4501,4.51,454.0,10,4.06,8.97,1.03,55.46
ORD100150,Books,Express,2723,3.44,500.2,2,2.07,2.3,5.79,36.82
ORD100151,Home & Kitchen,Same-Day,1854,6.74,493.3,2,1.51,6.1,3.54,40.22
ORD100152,Home & Kitchen,Same-Day,6796,4.63,417.0,10,4.59,4.44,4.87,46.86
ORD100153,Home & Kitchen,Express,3012,2.19,43.1,1,3.7,5.42,6.38,30.85
ORD100154,Electronics,Standard,7751,3.4,235.9,6,1.91,3.94,7.3,52.74
ORD100155,Fashion,Same-Day,5650,2.56,37.2,1,0.54,5.14,4.05,19.57
ORD100156,Electronics,Express,10156,4.46,250.9,9,3.17,4.33,3.33,41.31
ORD100157,Books,Standard,1817,2.38,279.1,2,2.29,7.36,3.73,36.25
ORD100158,Beauty,Express,2666,1.84,476.5,1,0.8,4.62,9.5,46.24
ORD100159,Electronics,Standard,7144,4.88,722.8,9,3.31,8.11,4.68,70.76
ORD100160,Electronics,Standard,6454,3.22,852.0,5,4.23,9.41,5.2,77.74
ORD100161,Beauty,Same-Day,3589,2.56,131.3,3,2.64,1.29,1.82,16.1
ORD100162,Beauty,Same-Day,6185,3.57,911.9,8,3.86,3.88,4.33,64.68
ORD100163,Beauty,Same-Day,1668,2.42,347.7,1,3.75,2.74,1.64,29.81
ORD100164,Home & Kitchen,Express,5833,4.6,675.9,7,4.09,5.93,8.94,61.33
ORD100165,Home & Kitchen,Express,4559,4.65,50.0,7,3.48,9.62,4.08,38.2
ORD100166,Fashion,Same-Day,2597,2.58,32.5,5,1.52,2.93,2.7,16.9
ORD100167,Fashion,Standard,4936,3.74,233.1,9,2.79,9.07,4.38,54.02
ORD100168,Beauty,Express,2135,2.2,495.5,1,2.35,4.44,2.51,45.7
ORD100169,Electronics,Same-Day,6369,4.11,571.9,8,4.07,5.83,1.75,35.65
ORD100170,Electronics,Express,9492,4.36,247.7,7,2.0,3.29,2.19,27.33
ORD100171,Books,Express,5334,7.26,632.3,9,2.15,5.65,8.93,61.95
ORD100172,Electronics,Standard,7177,4.7,841.6,9,4.65,6.51,9.36,83.16
ORD100173,Fashion,Same-Day,1067,4.4,248.5,3,1.96,5.47,6.97,34.03
ORD100174,,Express,3676,4.89,855.3,8,2.3,3.71,1.1,54.58
ORD100175,Electronics,Same-Day,6330,4.48,843.4,5,4.05,3.32,3.83,56.7
ORD100176,Electronics,Same-Day,2758,3.82,32.5,1,0.82,2.36,6.02,22.66
ORD100177,Home & Kitchen,Express,6014,5.37,700.7,10,3.47,2.11,6.03,55.79
ORD100178,Beauty,Same-Day ,2923,2.12,170.0,3,3.12,3.59,8.9,32.02
ORD100179,Books,Same-Day,1251,1.93,625.0,1,2.64,7.55,6.1,49.97
ORD100180,Fashion,Same-Day,3106,2.55,191.3,2,3.1,1.48,4.63,21.11
ORD100181,Home & Kitchen,Standard,4612,4.31,174.6,9,2.44,4.23,1.64,34.48
ORD100182,Fashion,Express,3723,3.06,423.8,3,1.57,5.3,9.79,53.68
ORD100183,Beauty,Standard,4030,3.56,625.4,5,3.76,9.75,4.28,71.05
ORD100184,Beauty,Standard,7107,3.62,447.6,7,3.16,4.61,1.22,51.14
ORD100185,Books,Express,3923,2.74,817.4,5,3.31,4.32,4.31,64.84
ORD100186,Home & Kitchen,Standard,4358,2.29,73.0,1,3.94,9.77,2.86,35.73
ORD100187,Books,Express,3739,2.74,609.4,2,3.34,2.3,6.18,45.67
ORD100188,Books,Same-Day,4549,1.73,202.1,1,0.74,9.57,7.53,36.8
ORD100189,Home & Kitchen,Express,4861,4.54,341.5,4,3.16,1.5,2.08,33.41
ORD100190,Beauty,Standard,4939,5.19,119.0,9,2.78,5.69,4.57,31.53
ORD100191,BOOKS,Express,7114,2.99,417.0,6,2.56,8.58,7.45,53.2
ORD100192,Beauty,Express,2176,3.01,147.5,2,3.68,0.0,4.88,31.02
ORD100193,Beauty,Standard,7546,4.91,812.4,10,2.32,4.65,5.1,78.45
ORD100194,Home & Kitchen,Standard,1958,4.15,481.1,7,4.74,4.26,5.4,61.09
ORD100195,Home & Kitchen,Same-Day,6273,4.08,323.6,4,3.7,4.48,4.47,40.52
ORD100196,Beauty,Standard,300,1.96,638.7,1,3.12,9.98,9.77,71.11
ORD100197,Beauty,Same-Day,3114,2.68,756.7,5,4.76,2.51,8.43,57.23
ORD100198,Fashion,Same-Day,1799,1.64,916.0,1,2.97,2.12,4.01,52.74
ORD100199,Fashion,Standard,5565,1.7,344.1,2,3.46,9.39,2.83,46.44
ORD100200,Home & Kitchen,Same-Day,7762,5.63,132.0,6,3.25,5.47,1.25,22.86
ORD100201,Electronics,Express,6190,3.19,576.3,2,1.56,4.15,8.32,56.1
ORD100202,Home & Kitchen,EXPRESS,3412,4.41,887.1,2,2.93,2.07,6.08,57.14
ORD100203,Beauty,Standard,2303,2.16,252.9,4,2.32,7.76,9.45,49.87
ORD100204,Home & Kitchen,Standard,4365,3.9,75.8,2,3.75,6.43,1.1,29.52
ORD100205,Beauty,Same-Day,4888,2.44,78.4,4,2.97,9.01,7.3,21.97
ORD100206, electronics,Same-Day,7403,4.51,872.4,9,4.53,3.47,5.07,55.26
ORD100207,Home & Kitchen,Express,3637,4.43,703.6,6,1.88,5.71,8.66,55.71
ORD100208,Electronics,Same-Day,3856,5.88,36.2,3,2.35,9.44,6.44,30.24
ORD100209,Electronics,Same-Day,6969,5.33,562.5,9,4.83,5.8,7.54,48.38
ORD100210,Electronics,Same-Day,4524,3.15,507.0,2,2.84,3.06,4.67,37.47
ORD100211,Beauty,Express,2782,2.16,108.5,3,1.79,0.0,3.14,25.18
ORD100212,Home & Kitchen,Express,3301,3.53,80.7,1,1.66,9.51,9.42,29.01
ORD100213,Books,Standard,2702,1.57,518.0,2,1.11,1.87,1.56,43.03
ORD100214,Home & Kitchen,Express,4875,3.6,911.5,5,3.71,7.86,6.45,73.57
ORD100215,Electronics,Standard,6497,3.75,594.9,3,3.76,3.17,8.48,59.53
ORD100216,Fashion,Express,5052,4.26,122.1,6,1.35,8.71,1.17,26.85
ORD100217,Fashion,Standard,6530,3.31,613.4,7,1.95,5.96,9.44,66.01
ORD100218,Books,Express,2345,2.36,161.1,3,1.74,6.35,1.61,29.12
ORD100219, electronics,Standard,6728,4.87,544.4,10,4.48,8.16,8.18,69.98
ORD100220,Books,Express,3677,1.65,141.2,2,1.31,1.93,2.02,24.95
ORD100221,Home & Kitchen,Standard,3612,4.38,755.4,4,2.4,7.32,5.14,66.96
ORD100222,Electronics,Same-Day,7680,3.61,774.2,5,2.1,3.53,3.68,47.42
ORD100223,Books,Standard,2307,2.67,411.9,5,4.6,4.76,6.96,57.32
ORD100224,Beauty,Same-Day,8197,4.53,258.8,10,3.65,3.6,8.14,38.32
ORD100225,Home & Kitchen,Standard,6854,5.92,60.2,10,3.85,1.23,1.85,28.31
ORD100226,Electronics,Same-Day,5347,3.25,467.1,1,3.13,8.51,7.61,46.28
ORD100227,Electronics,Standard,6231,4.71,669.3,4,1.35,7.78,5.75,60.34
ORD100228,Beauty,Express,1196,1.77,40.8,2,1.64,1.2,3.1,12.22
ORD100229,Beauty,Express,3516,4.15,327.1,3,2.75,8.99,6.92,42.79
ORD100230,Electronics,Express,5166,2.74,663.8,1,2.19,3.95,5.56,45.69
ORD100231,Electronics,Express,5792,3.6,512.0,6,3.84,1.52,7.49,53.97
ORD100232,Electronics,Same-Day,8250,5.0,225.9,8,2.37,3.0,,33.69
ORD100233,Home & Kitchen,Express,4945,3.5,873.1,6,4.08,9.13,4.34,73.9
ORD100234,Books,Same-Day,2028,1.79,201.6,3,3.81,4.18,1.94,19.31
ORD100235,Electronics,Standard,2582,3.43,566.4,1,2.32,8.76,6.82,61.41
ORD100236,Home & Kitchen,Standard,3633,3.13,108.5,3,3.96,9.62,9.51,44.53
ORD100237,Books,Standard,3509,3.57,557.8,3,2.91,9.59,6.11,66.49
ORD100238,Fashion,Same-Day,2720,8.08,554.9,3,2.21,1.66,2.78,30.84
ORD100239,Books,Same-Day,1888,3.85,850.1,1,3.44,3.34,2.69,50.8
ORD100240,Beauty,Express,300,3.03,607.2,3,2.24,8.91,3.37,55.67
ORD100241,Beauty,Same-Day,2355,2.33,783.1,2,2.3,1.3,5.97,49.49
ORD100242,Home & Kitchen,Same-Day,3704,2.58,88.0,3,2.8,5.99,1.64,17.54
ORD100243,Books,Standard,8626,5.37,508.4,10,4.44,8.59,2.92,62.95
ORD100244,Fashion,Same-Day,1914,2.28,131.0,3,3.5,9.64,7.87,33.67
ORD100245,Fashion,Standard,4077,2.33,272.4,1,2.04,6.46,1.34,32.58
ORD100246,Beauty,Standard,2765,2.89,87.5,2,1.32,4.54,8.41,46.0
ORD100247,Home & Kitchen,Standard,3995,4.58,227.0,4,1.34,2.05,6.24,36.84
ORD100248,Beauty,Express,3526,2.1,700.4,4,3.7,2.54,9.04,61.55
ORD100249,Books,Express,4275,2.69,274.6,3,2.16,7.79,3.01,34.34
ORD100250,Electronics,Express,2818,3.37,669.3,4,2.81,2.28,8.59,55.06
ORD100251,Books,Same-Day,5887,4.66,370.8,9,3.9,5.43,4.54,37.28
ORD100252,Electronics,Same-Day,2427,2.41,465.3,2,1.35,6.07,6.11,38.23
ORD100253,Fashion,Express,7627,4.34,941.1,7,4.09,8.41,1.22,67.37
ORD100254,Beauty,Same-Day,300,3.21,618.8,2,2.34,9.5,5.52,44.09
ORD100255,Electronics,Standard,-900,2.48,708.3,3,1.41,5.53,2.54,53.82
ORD100256,Books,Same-Day,2135,3.66,212.2,6,3.91,3.4,9.65,32.19
ORD100257,Electronics,Standard,4467,3.9,35.6,5,1.62,1.87,4.63,29.24
ORD100258,Books,Standard,3564,2.03,872.0,3,3.91,1.25,9.73,75.05
ORD100259,Books,Same-Day,5901,3.03,317.1,6,2.38,1.62,6.24,33.04
ORD100260,Fashion,Same-Day,3166,2.29,187.0,2,1.94,2.37,8.3,27.67
ORD100261,Electronics,Express,490,2.3,925.9,1,1.08,8.51,5.88,63.47
ORD100262,Fashion,Same-Day,4940,4.18,587.4,5,4.16,1.86,,42.22
ORD100263,Electronics,Express,4796,4.05,519.4,7,2.34,1.86,3.28,42.49
ORD100264,Books,Express,7343,4.89,504.0,9,4.22,4.1,5.88,49.61
ORD100265,Beauty,Express,7482,7.41,831.4,6,2.51,1.57,7.8,62.49
ORD100266,Fashion,Same-Day,7071,6.96,72.1,9,2.63,5.92,5.12,25.42
ORD100267,Electronics,Standard,5668,3.46,433.7,6,4.06,8.73,3.77,58.06
ORD100268,Beauty,Express,4266,3.09,71.3,6,2.26,5.91,5.13,31.91
ORD100269,Home & Kitchen,Express,3318,5.25,455.5,3,2.57,3.22,6.86,48.04
ORD100270,Electronics,Standard,1656,2.03,782.3,1,1.0,3.66,8.29,65.38
ORD100271,Books,Standard,6006,2.66,667.1,1,2.22,4.5,7.64,56.77
ORD100272,Beauty,Same-Day,376,2.39,664.7,1,3.73,8.65,6.0,55.71
ORD100273,Home & Kitchen,express,1692,3.75,329.0,1,0.61,4.77,5.3,41.74
ORD100274,Home & Kitchen,Express ,300,2.92,215.5,2,1.63,3.01,4.57,30.41
ORD100275,Fashion,Same-Day,6579,5.96,840.9,9,2.54,6.62,5.33,52.49
ORD100276,Beauty,Express,1669,2.28,702.0,1,0.88,3.09,3.11,49.74
ORD100277,Fashion,Standard,2608,3.17,621.8,3,1.14,8.18,6.33,69.38
ORD100278,Fashion,Standard,3285,2.15,636.2,3,2.34,2.79,2.97,53.55
ORD100279,Books,Same-Day,5717,3.61,362.1,9,2.25,6.42,4.73,41.47
ORD100280,Books,Express,1823,2.19,766.1,4,2.41,4.48,8.5,66.41
ORD100281,Books,Same-Day,3662,2.6,516.3,5,2.22,3.75,5.8,34.68
ORD100282,Electronics,Same-Day,4051,1.95,206.7,1,3.41,7.24,7.79,38.01
ORD100283,Beauty,Standard,3189,1.65,808.7,1,0.95,3.24,4.3,63.5
ORD100284,Beauty,Same-Day,2061,3.68,172.5,3,3.26,2.67,5.65,20.74
ORD100285,Fashion,Standard,3148,1.76,412.9,1,1.79,5.93,7.69,44.37
ORD100286,Books,Standard,1760,2.75,566.8,1,2.96,1.48,3.45,49.71
ORD100287,Fashion,Express,3201,2.22,30.1,2,2.59,3.46,3.98,19.18
ORD100288,Fashion,Standard,3986,2.16,435.2,2,3.12,8.62,3.68,55.78
ORD100289,Fashion,Same-Day,5489,4.74,73.2,5,4.05,8.09,2.9,27.58
ORD100290,Home & Kitchen,Express,3925,3.9,542.2,4,4.42,3.98,9.44,55.68
ORD100291,Books,Same-Day,7023,3.92,518.8,9,3.86,3.8,8.87,47.35
ORD100292,Electronics,Same-Day,8252,4.2,383.5,8,4.73,3.46,2.96,32.92
ORD100293,Fashion,Express,1596,1.62,400.2,1,1.01,2.36,5.49,35.94
ORD100294,Books,Standard,3667,3.28,825.0,7,2.58,5.62,6.37,71.36
ORD100295,Electronics,Express,8632,4.87,756.2,10,2.37,1.7,9.45,60.55
ORD100296,Beauty,Standard,2874,6.01,521.1,2,2.3,6.28,1.48,46.06
ORD100297,Home & Kitchen,Standard,4404,4.53,643.9,0,3.92,6.3,3.01,57.47
ORD100298,Fashion,Same-Day,1999,5.35,831.4,5,4.38,9.22,6.72,63.9
ORD100299,Books,Same-Day,1969,4.27,397.4,5,2.2,7.7,9.38,36.93
ORD100300,Fashion,Express,7368,3.28,891.3,5,3.2,3.43,8.18,71.37
ORD100301,Books,Standard,4123,3.79,335.9,10,3.3,8.83,7.3,58.78
ORD100302,Electronics,Same-Day,3949,1.61,706.9,1,2.84,7.98,1.79,45.17
ORD100303,Electronics,Express,4551,3.55,524.1,4,3.0,5.27,5.33,46.73
ORD100304,Beauty,Standard,3674,2.47,47.7,4,2.98,8.88,5.09,44.95
ORD100305,Fashion,Standard,2537,2.23,94.2,3,3.31,9.4,6.87,36.8
ORD100306,Beauty,Express,6007,-0.9,368.2,7,3.54,3.69,3.97,40.18
ORD100307,Beauty,Standard,6718,3.71,110.3,8,3.29,3.13,8.12,44.53
ORD100308,Fashion,Express,1853,2.97,341.0,4,2.89,8.73,5.44,36.7
ORD100309,Books,Same-Day,5218,2.86,587.2,4,2.5,5.93,8.54,54.31
ORD100310,Beauty,Standard,4556,5.95,376.4,9,3.41,7.24,3.12,56.16
ORD100311,Beauty,Standard,300,2.11,282.3,2,3.42,9.53,2.02,38.93
ORD100312,Electronics,Express,2916,1.76,589.9,1,2.94,7.26,3.89,45.59
ORD100313,Fashion,Express,4502,1.55,387.6,1,1.69,8.53,9.05,49.57
ORD100314,Home & Kitchen,Standard,1336,2.7,22.7,1,2.01,9.92,7.55,37.29
ORD100315,Books,Standard,6877,3.11,688.7,7,2.43,5.52,2.3,60.65
ORD100316,Electronics,Standard,6225,4.04,554.5,4,1.57,4.07,3.73,51.27
ORD100317,Electronics,Express,6986,4.09,698.8,9,3.69,2.35,7.61,62.26
ORD100318,Books,Standard,3146,3.22,770.3,2,1.55,8.55,8.06,71.24
ORD100319,Books,Same-Day,4027,2.53,817.7,4,2.63,6.03,5.33,51.77
ORD100320,Electronics,Same-Day,5768,4.41,798.5,7,1.46,8.44,6.59,53.97
ORD100321,Beauty,Same-Day,1142,3.72,714.8,4,3.71,3.86,5.96,52.81
ORD100322,Books,Express,8403,4.75,741.9,8,2.18,8.8,5.96,68.22
ORD100323,Electronics,Express,5281,3.16,108.1,4,4.3,7.43,2.1,30.64
ORD100324,Electronics,Same-Day,7778,4.98,733.9,9,3.52,5.98,7.74,69.92
ORD100325,Beauty,Standard,6098,3.9,768.7,9,2.65,9.15,7.67,79.62
ORD100326,Beauty,Standard,988,3.05,830.0,6,2.2,7.24,8.6,73.43
ORD100327,Fashion,Standard,5893,6.01,188.4,10,2.44,6.09,3.73,40.18
ORD100328,Home & Kitchen,Express,3052,2.74,663.5,2,3.08,3.91,2.63,49.09
ORD100329,Books,Standard,1962,2.55,515.5,4,4.2,8.77,1.29,54.03
ORD100330,Electronics,Standard,3639,1.93,693.4,1,3.29,5.02,3.85,62.48
ORD100331,Books,Standard,5571,3.74,314.6,8,2.69,5.19,7.58,51.81
ORD100332,Beauty,Standard,4305,4.29,813.2,7,2.35,2.75,6.09,66.52
ORD100333,Home & Kitchen,Standard,4044,3.84,661.0,6,3.13,1.56,1.87,60.42
ORD100334,Electronics,Standard,4065,-1.3,392.8,2,2.56,8.16,9.59,53.15
ORD100335,Beauty,Express,4939,2.69,475.8,6,3.52,1.51,7.37,44.68
ORD100336,Home & Kitchen,same-day,5657,2.72,363.2,3,1.34,1.42,9.88,36.31
ORD100337,Beauty,Same-Day,3621,2.9,535.2,1,2.38,5.98,3.07,
ORD100338,Electronics,Standard,6383,5.97,215.8,6,2.63,3.05,8.86,45.27
ORD100339,Electronics,Standard,5706,6.43,838.8,6,3.12,1.25,1.33,62.56
ORD100340,Fashion,Same-Day,6102,3.84,786.4,7,3.83,2.35,7.15,52.52
ORD100341,Fashion,Standard,5383,2.26,465.2,2,1.84,3.06,9.84,53.06
ORD100342,Home & Kitchen,Same-Day,2668,3.62,643.2,2,2.71,7.86,7.3,56.17
ORD100343,Beauty,Same-Day,300,1.36,173.7,1,0.85,2.88,4.94,17.09
ORD100344,Electronics,Same-Day,413,3.22,584.9,1,2.76,3.31,5.51,42.65
ORD100345,Home & Kitchen,Same-Day,4801,5.34,579.4,5,2.03,2.4,8.44,46.65
ORD100346,Fashion,Same-Day,3653,3.2,598.1,6,1.68,4.12,3.91,41.2
ORD100347,Electronics,Standard,5032,4.15,382.2,2,1.52,6.86,3.59,44.84
ORD100348,Books,Express,6814,4.3,197.9,10,3.74,8.88,4.9,39.43
ORD100349,Fashion,Express,2444,1.64,608.1,2,2.38,1.98,9.54,54.05
ORD100350,Books,Standard,6017,6.17,665.5,10,3.55,2.74,3.31,61.11
ORD100351,Fashion,Standard,4654,3.81,498.6,8,3.55,5.33,5.54,59.1
ORD100352,Fashion,Same-Day,2356,3.23,143.7,4,3.54,6.9,2.79,24.41
ORD100353,Beauty,Same-Day,3339,3.7,556.3,8,3.84,2.07,7.77,51.53
ORD100354,Beauty,Same-Day,4135,2.41,672.6,3,2.87,3.44,2.73,47.44
ORD100355,Books,Same-Day,1228,2.72,73.0,3,2.53,6.45,4.29,19.53
ORD100356,Fashion,Same-Day,3690,2.93,721.3,3,3.49,4.03,1.88,49.64
ORD100357,Electronics,Express,2671,2.64,556.0,1,0.94,2.0,2.17,38.49
ORD100358,Electronics,Express,5686,4.02,63.8,3,3.53,5.18,9.96,32.53
ORD100359,Electronics,Standard,5167,2.85,528.7,1,1.81,3.63,9.83,61.25
ORD100360,Fashion,Same-Day,4193,3.18,394.7,2,3.42,3.43,9.28,39.01
ORD100361,Beauty,Standard,5967,2.09,726.8,4,3.19,9.78,7.62,70.98
ORD100362,Electronics,Same-Day,4707,3.42,34.6,2,2.18,1.26,9.57,23.42
ORD100363,Electronics,Same-Day,4647,3.72,200.2,4,2.03,9.48,1.39,27.19
ORD100364,Fashion,Express,4404,4.91,763.6,9,3.54,7.44,8.3,67.76
ORD100365,Beauty,Standard,6073,3.21,489.5,7,3.5,4.51,1.6,50.32
ORD100366,Electronics,Standard,2799,5.32,122.2,2,3.55,3.48,6.16,31.31
ORD100367,Books,Same-Day,8049,4.33,306.0,10,3.5,5.0,5.67,36.25
ORD100368,Fashion,Same-Day,6166,5.86,165.6,10,2.8,2.95,4.14,29.05
ORD100369,Books,Express,6182,,448.1,4,2.53,1.15,5.68,37.4
ORD100370,Home & Kitchen,Standard,2033,2.66,804.3,1,1.36,2.92,7.7,68.97
ORD100371,Books,Same-Day,4369,4.94,639.0,6,2.96,6.07,4.53,51.83
ORD100372,Books,Standard,300,3.19,236.0,2,3.68,9.74,2.77,39.11
ORD100373,Home & Kitchen,Standard,6015,5.1,679.6,5,2.15,1.05,9.72,67.54
ORD100374,Electronics,Same-Day,7909,6.16,319.8,2,3.11,1.41,4.43,34.91
ORD100375,Books,Same-Day,5659,4.51,606.1,10,1.8,3.34,2.26,39.93
ORD100376,Books,Same-Day,1742,1.83,693.2,2,1.51,4.14,2.6,51.04
ORD100377,Electronics,Standard,3503,3.64,442.1,3,3.54,4.85,8.57,57.09
ORD100378,Beauty,Same-Day,1366,2.21,325.8,4,3.34,5.79,7.86,41.04
ORD100379,Fashion,Same-Day,3982,2.89,168.9,5,3.47,2.66,9.61,25.56
ORD100380,Electronics,Express,6873,3.64,854.8,5,,7.82,5.98,63.12
ORD100381,Fashion,Same-Day,3823,1.77,71.3,2,3.26,5.96,3.41,20.84
ORD100382,Home & Kitchen,Standard,2120,2.31,209.8,2,3.45,1.06,8.18,43.92
ORD100383,Fashion,Standard,5210,4.98,162.3,5,1.7,4.8,9.86,46.22
ORD100384,Home & Kitchen,Same-Day,300,3.13,281.9,2,1.1,4.58,2.02,19.6
ORD100385,Books,Standard,3667,4.82,896.5,5,1.76,8.43,3.83,72.08
ORD100386,home & Kitchen,Express,8993,4.42,657.5,5,3.33,8.1,6.77,66.55
ORD100387,Home & Kitchen,Standard,8319,5.98,698.7,7,3.38,9.34,4.76,68.16
ORD100388,Fashion,Express,3602,5.01,889.1,2,1.14,8.8,1.75,59.48
ORD100389,Fashion,Same-Day,2459,2.56,910.2,1,4.47,4.26,8.61,60.1
ORD100390,Home & Kitchen,Same-Day,6277,4.89,414.0,5,3.76,6.81,7.03,39.16
ORD100391,Electronics,Express,2185,2.7,836.0,2,2.89,5.97,8.98,62.01
ORD100392,Beauty,Same-Day,6202,3.53,251.5,8,3.85,9.23,9.24,42.35
ORD100393,Beauty,Express,6114,3.5,673.0,7,2.77,8.05,6.24,60.84
ORD100394,Electronics,Same-Day,2823,2.06,504.9,2,1.49,2.05,2.25,27.04
ORD100395,Fashion,Same-Day,3802,1.4,377.5,1,2.74,7.41,4.38,37.69
ORD100396,Beauty,Same-Day,5701,2.8,257.3,6,2.25,3.39,5.68,34.53
ORD100397,Home & Kitchen,Express,379,3.87,229.5,1,2.13,6.12,7.16,35.36
ORD100398,Beauty,Express,,5.42,359.7,5,2.24,3.52,8.73,47.02
ORD100399,Beauty,Standard,4715,1.78,740.0,2,3.6,8.0,7.54,68.39
ORD100400,Electronics,standard ,6351,5.22,173.7,8,3.7,5.3,7.3,54.44
ORD100401,Home & Kitchen,Express,844,3.49,609.1,2,3.39,2.51,4.86,42.79
ORD100402,Beauty,Standard,2763,1.59,540.8,2,0.98,4.62,6.65,49.69
ORD100403,Fashion,Express,6109,4.83,462.1,6,3.9,7.08,1.76,46.39
ORD100404,Fashion,Same-Day,3845,3.47,870.1,4,1.34,4.59,2.52,48.54
ORD100405,Electronics,Standard,7782,5.14,849.3,10,4.25,9.48,2.36,77.15
ORD100406,Fashion,Express,6530,3.42,415.7,8,4.51,7.46,3.4,48.57
ORD100407,Electronics,Same-Day,9020,6.68,108.1,7,3.14,4.48,8.98,36.14
ORD100408,Books,Standard,3874,4.32,16.1,9,4.29,9.67,5.67,45.51
ORD100409,Electronics,Express,3566,2.36,552.9,1,1.17,2.95,2.2,37.28
ORD100410,Electronics,Standard,4775,3.14,869.6,5,3.55,3.75,7.37,71.47
ORD100411,Beauty,Standard,5506,2.61,759.8,3,2.54,3.1,8.0,71.34
ORD100412,Books,Express,9379,4.92,172.7,9,4.04,9.54,7.08,48.09
ORD100413,Home & Kitchen,Same-Day,2676,2.65,700.0,2,0.88,1.41,5.83,45.42
ORD100414,Fashion,Standard,7660,4.63,121.5,8,4.81,4.3,2.63,31.77
ORD100415,Electronics,Same-Day,9961,3.3,940.0,7,4.18,2.2,6.85,60.55
ORD100416,Books,Same-Day,3382,3.2,862.6,1,3.88,5.23,5.56,52.1
ORD100417,Fashion,Same-Day,4607,3.73,776.8,7,2.26,3.86,2.98,44.68
ORD100418,Home & Kitchen,Standard,2339,2.59,307.9,1,3.06,5.31,2.3,45.13
ORD100419,Books,Standard,5134,8.07,93.7,10,5.27,9.33,4.33,48.47
ORD100420,Books,Standard,6745,5.44,307.3,7,4.43,9.38,6.73,58.47
ORD100421,Home & Kitchen,Express,4680,4.64,147.7,8,4.68,3.46,3.72,35.38
ORD100422,Beauty,Express,1255,2.53,125.0,1,1.23,4.17,5.07,29.74
ORD100423,Books,Same-Day,4336,4.24,551.0,7,3.72,9.08,2.25,47.09
ORD100424,Electronics,Same-Day,6091,3.99,410.0,8,2.78,7.16,9.38,51.37
ORD100425,Fashion,Express,894,4.02,276.9,1,2.56,2.5,2.55,28.51
ORD100426,Beauty,Express,5108,3.23,299.9,5,4.12,7.12,4.18,43.73
ORD100427,Electronics,Express,3283,3.36,126.2,5,1.43,5.42,7.58,34.42
ORD100428,Electronics,Standard,2444,4.63,795.7,6,3.88,8.89,,76.96
ORD100429,Beauty,Express,3777,3.75,490.0,4,1.2,3.07,7.07,41.39
ORD100430,Beauty,Standard,3736,1.96,602.0,1,3.24,0.0,1.55,52.94
ORD100431,Books,Standard,3502,2.82,59.9,5,4.04,9.69,4.78,48.62
ORD100432,Fashion,Express,6745,5.55,131.6,8,4.1,3.43,8.16,37.66
ORD100433,Books,Standard,615,2.82,488.0,2,1.65,2.35,9.96,57.26
ORD100434,Beauty,Same-Day,4982,2.44,388.2,3,2.48,8.41,3.36,34.48
ORD100435,Fashion,Same-Day,5004,5.25,696.0,7,4.18,5.43,8.23,61.48
ORD100436,Electronics,Standard,3127,4.65,622.5,3,2.94,9.84,8.08,67.33
ORD100437,Home & Kitchen,Express,4050,2.97,763.0,3,3.68,8.3,7.4,64.63
ORD100438,Beauty,Standard,4463,4.12,369.6,4,2.88,9.31,9.67,65.13
ORD100439,Fashion,Same-Day,7898,4.53,475.1,10,4.76,1.37,1.27,45.03
ORD100440,Home & Kitchen,Express,6539,4.14,205.2,6,2.1,8.48,5.18,39.99
ORD100441,Beauty,Standard,9450,3.94,795.9,9,2.17,4.33,5.54,71.51
ORD100442,Electronics,Same-Day,6306,3.81,96.6,6,3.17,5.67,6.16,28.2
ORD100443,Home & Kitchen,Express,6602,3.65,725.5,6,3.79,3.87,5.93,61.69
ORD100444,Home & Kitchen,Express,3726,3.88,944.0,4,1.55,8.97,2.13,68.7
ORD100445,Beauty,Same-Day,1399,1.89,292.5,1,2.23,6.02,7.57,33.58
ORD100446,Electronics,Standard,6815,35.4,426.6,7,1.74,4.1,8.22,50.72
ORD100447,Home & Kitchen,Standard,6408,3.28,477.7,3,2.85,6.24,8.04,60.56
ORD100448,Beauty,Express,3090,1.95,755.1,3,3.11,8.45,7.57,61.55
ORD100449,Books,Standard,3336,1.64,581.9,2,3.53,1.45,9.59,62.12
ORD100450,Fashion,Standard,4185,2.21,728.7,3,4.02,7.56,3.75,64.59
ORD100451,Books,Same-Day,7464,4.57,586.0,9,3.38,5.95,8.53,54.59
ORD100452,Home & Kitchen,Same day,3498,3.38,668.9,5,2.0,6.63,8.37,53.33
ORD100453,Home & Kitchen,Standard,8563,4.52,905.8,9,4.7,1.14,1.33,64.64
ORD100454,Fashion,Express,7615,4.07,531.0,7,4.1,2.53,2.83,40.45
ORD100455,Fashion,Same-Day,4703,3.92,208.8,8,1.98,2.36,1.07,23.27
ORD100456,Books,Standard,2077,2.92,931.8,1,1.44,1.34,3.52,57.64
ORD100457,Books,Express,4084,2.52,679.6,3,2.38,1.68,6.43,54.21
ORD100458,home & Kitchen,Same-Day,3456,4.16,410.1,5,2.19,4.33,6.25,39.29
ORD100459,Home & Kitchen,Express,8745,5.87,872.7,7,2.4,2.22,6.11,67.08
ORD100460,Beauty,Same-Day,5657,5.26,498.4,8,3.5,1.18,1.89,38.34
ORD100461,Books,Same-Day,2558,2.59,767.9,5,1.97,8.22,3.93,55.4
ORD100462,Fashion,Standard,4480,4.8,134.1,5,1.7,3.6,5.22,28.41
ORD100463,Electronics,Express,3620,3.75,254.4,3,3.21,2.84,3.62,26.86
ORD100464,Books,Same-Day,1902,2.91,242.6,7,2.36,6.65,6.16,28.43
ORD100465,Fashion,Express,300,2.09,905.8,1,0.64,7.43,6.35,63.26
ORD100466,Home & Kitchen,Express,7158,4.89,17.4,9,2.94,7.24,3.83,32.61
ORD100467,Electronics,Same-Day,4103,4.52,367.2,4,3.07,6.42,7.9,40.59
ORD100468,Books,Express,6868,4.09,916.8,9,2.3,1.79,8.36,70.3
ORD100469,Fashion,Same-Day,2557,2.13,54.5,3,3.43,1.25,6.32,18.58
ORD100470,Fashion,Express,5525,4.54,467.9,4,3.11,4.64,4.87,55.02
ORD100471,Fashion,Standard,2723,1.87,514.4,1,3.07,7.62,2.37,47.3
ORD100472,Fashion,Same-Day,8543,3.94,783.3,10,3.44,5.74,5.04,56.29
ORD100473,Beauty,Same-Day,5254,2.28,500.2,4,3.66,6.41,5.85,41.22
ORD100474,Fashion,Standard,6379,3.35,328.9,6,3.67,3.63,4.67,43.52
ORD100475,Beauty,Standard,3190,2.19,187.6,4,2.97,5.46,1.92,37.79
ORD100476,BOOKS,Same-Day,3599,3.26,377.5,7,4.75,3.79,3.92,37.0
ORD100477,Fashion,Same-Day,7441,3.78,247.8,8,2.34,9.45,3.07,35.15
ORD100478,Electronics,Express,5609,2.6,578.1,4,3.03,2.08,8.36,59.15
ORD100479,Electronics,Same-Day ,2679,1.96,199.1,1,3.35,5.44,3.5,32.36
ORD100480,Electronics,Same-Day,7082,5.35,529.3,7,2.0,9.86,8.64,57.75
ORD100481,Fashion,Same-Day,3722,3.62,140.7,1,1.77,4.7,2.44,12.54
ORD100482,Beauty,Same-Day,3326,4.66,319.5,3,3.64,4.97,8.64,38.43
ORD100483,Electronics,Express,4385,3.26,944.0,3,3.32,4.52,5.17,67.75
ORD100484,Fashion,Standard,3343,2.64,306.5,0,2.8,9.65,2.88,49.07
ORD100485,Fashion,Express,4761,4.21,306.5,5,4.63,7.9,7.86,43.33
ORD100486,Beauty,Same-Day,978,2.93,395.4,1,3.47,9.23,5.28,39.87
ORD100487,Beauty,Express,3743,3.07,399.8,3,1.33,2.79,3.6,36.6
ORD100488,Books,Standard,2107,2.69,802.6,2,2.12,2.45,6.76,66.05
ORD100489,Home & Kitchen,Same-Day,6038,3.44,376.0,4,2.1,6.93,8.1,46.46
ORD100490,Books,Express,5537,3.56,691.6,8,3.03,1.01,2.7,62.35
ORD100491,Fashion,Standard,6346,5.38,149.4,8,3.8,3.11,9.91,54.88
ORD100492,Books,Same-Day,-1450,2.18,718.5,2,3.34,6.53,6.56,42.35
ORD100493,Fashion,Express,7297,4.71,459.0,6,3.49,3.67,8.77,55.39
ORD100494,Home & Kitchen,Express,7489,6.08,216.7,10,5.09,8.36,2.3,44.43
ORD100495,Home & Kitchen,Standard,3945,3.27,167.8,2,2.62,3.57,7.49,39.54
ORD100496,Fashion,Standard,8337,4.3,882.9,8,2.12,4.24,5.34,67.94
ORD100497,Electronics,Same-Day,1333,2.52,231.2,2,1.85,7.76,1.44,23.31
ORD100498,Home & Kitchen,Express,5445,3.58,711.9,3,3.83,3.59,2.95,51.89
ORD100499,Electronics,Express,4415,3.69,191.3,1,2.42,3.25,2.13,21.29
ORD100500,Home & Kitchen,Express,6654,7.06,130.8,7,4.14,7.53,3.02,42.23
ORD100501,Home & Kitchen,Standard,3539,7.1,809.6,3,2.37,7.49,1.53,68.91
ORD100502,Books,Express,3522,1.98,300.3,2,3.53,2.95,1.96,29.71
ORD100503,Home & kitchen,Standard,2873,3.67,55.0,5,2.31,3.84,2.22,33.66
ORD100504,Electronics,Express,8755,5.03,444.7,9,3.38,2.62,1.13,38.95
ORD100505,home & Kitchen,Same-Day,3691,5.1,262.7,3,3.72,2.94,4.94,34.39
ORD100506,Home & Kitchen,Same-Day,7213,4.5,277.0,6,3.68,4.99,8.14,40.56
ORD100507,Books,Express,4848,3.43,706.8,8,4.63,1.49,7.72,59.1
ORD100508,Fashion,Express,5604,4.88,510.3,6,2.78,4.09,2.65,41.71
ORD100509,Fashion,Express,4680,4.29,534.4,4,3.98,2.38,1.79,36.55
ORD100510,Beauty,Standard,3422,3.25,497.9,2,3.5,6.39,9.03,61.58
ORD100511,Fashion,Express,4679,1.64,121.1,1,2.11,3.37,7.21,24.08
ORD100512,Books,Same-Day,7109,4.03,633.3,10,4.4,3.37,6.01,53.47
ORD100513,Electronics,Express,3280,2.78,71.4,2,3.73,9.22,1.22,24.19
ORD100514,Home & Kitchen,Express,5935,4.74,682.1,6,4.41,9.32,3.72,66.37
ORD100515,Home & Kitchen,Express,2533,2.72,807.3,3,3.68,2.33,5.02,63.74
ORD100516,Beauty,Standard,4081,2.85,640.0,5,4.28,8.32,1.68,59.68
ORD100517,Books,Standard,1912,2.9,627.0,3,1.9,2.42,9.71,65.55
ORD100518,Fashion,Standard,3165,5.77,463.8,5,2.36,1.28,6.56,49.96
ORD100519,Home & Kitchen,Standard,8149,3.5,389.3,5,3.61,5.05,3.01,42.92
ORD100520,Fashion,Standard,1811,3.91,722.7,5,3.21,4.83,4.99,60.97
ORD100521,Beauty,Express,3899,5.18,571.0,4,1.65,6.52,2.41,45.08
ORD100522,Home & Kitchen,Express,5136,3.63,588.0,5,1.58,4.18,1.48,50.81
ORD100523,Books,Express,3082,2.26,645.3,3,3.32,1.96,1.39,45.29
ORD100524,Books,Same-Day,3526,6.08,530.7,5,2.57,3.11,3.44,33.49
ORD100525,Books,Express,1717,2.79,48.4,2,1.33,7.19,1.77,27.75
ORD100526,Beauty,Same-Day,5542,2.74,949.4,3,2.6,5.05,8.89,69.01
ORD100527,Home & Kitchen,Same-Day,3962,4.47,531.4,4,1.94,4.19,6.59,46.65
ORD100528,Home & Kitchen,Express,2576,2.09,907.5,1,1.57,5.51,2.82,57.28
ORD100529,Electronics,Standard,11305,4.62,535.0,9,1.9,5.8,2.54,56.84
ORD100530,Beauty,Express,3138,4.51,894.9,10,4.9,3.35,6.6,68.3
ORD100531,Home & Kitchen,Express ,5276,3.58,332.2,4,2.88,5.38,7.18,40.46
ORD100532,Books,Same-Day,5088,3.57,721.9,6,3.79,3.35,2.09,47.44
ORD100533,Fashion,Standard,2021,1.49,660.8,1,3.45,2.45,6.97,60.69
ORD100534,Beauty,Same-Day,2304,5.01,572.3,6,2.83,4.77,1.18,35.64
ORD100535,Home & Kitchen,Same-Day,2991,2.81,368.0,2,2.22,8.85,8.53,36.08
ORD100536,Electronics,Express,7009,4.82,141.5,6,3.2,4.37,3.68,31.18
ORD100537,Electronics,Express,4847,,805.6,5,4.26,4.14,3.34,64.77
ORD100538,Home & Kitchen,Express,5274,4.02,456.5,6,4.28,3.25,5.94,48.94
ORD100539,Fashion,Same-Day,7951,3.43,679.4,6,4.49,7.39,5.8,52.23
ORD100540,Books,standard ,6507,5.64,326.6,7,3.96,6.68,4.34,60.4
ORD100541,Books,Same-Day,947,3.73,144.0,3,1.59,6.07,3.81,27.32
ORD100542,Beauty,Same-Day,4357,3.24,813.9,1,3.71,2.09,9.1,57.38
ORD100543,Beauty,Express,7538,3.66,37.0,9,4.61,7.57,3.55,35.32
ORD100544,Electronics,Standard,3969,3.95,608.0,5,3.67,1.0,3.29,53.61
ORD100545,Home & Kitchen,Express,634,2.67,366.7,1,2.81,8.16,5.19,47.94
ORD100546,Fashion,Standard,3631,2.88,783.5,4,3.42,8.32,1.9,64.07
ORD100547,Electronics,Standard,5328,4.38,186.1,1,3.31,9.33,3.89,40.56
ORD100548,Electronics,Same-Day,3463,2.33,146.8,1,2.54,8.19,8.81,30.2
ORD100549,Books,Express,6389,4.65,79.6,7,3.35,3.87,3.36,34.59
ORD100550,Beauty,Same-Day,4255,3.41,505.5,7,1.4,7.74,2.81,42.18
ORD100551,Books,Express,889,2.06,81.7,1,1.05,8.82,2.23,25.66
ORD100552,Beauty,Same-Day,1984,3.16,48.2,4,2.52,2.79,2.98,16.63
ORD100553,Home & Kitchen,Same-Day,4873,3.73,784.9,3,2.76,9.76,5.82,61.96
ORD100554,Books,Same-Day,6906,2.71,324.7,6,1.98,4.46,1.08,17.83
ORD100555,Fashion,Same-Day,7521,7.22,678.1,8,3.57,7.17,4.15,51.77
ORD100556,Fashion,Same-Day,2562,2.02,122.1,2,2.54,8.69,4.54,22.42
ORD100557,Fashion,Express,2877,2.31,426.3,4,2.0,2.51,1.76,37.61
ORD100558,Fashion,Standard,2310,2.58,623.7,4,2.87,6.22,3.86,58.81
ORD100559,Books,Express,300,2.08,808.1,2,1.08,2.21,6.44,55.51
ORD100560,Home & Kitchen,Same-Day,5377,5.39,792.1,9,4.23,1.57,7.18,56.17
ORD100561,Beauty,Same-Day,5724,4.01,255.1,8,2.72,9.77,9.85,47.7
ORD100562,Electronics,Express,4046,27.6,70.3,3,3.72,2.46,9.61,27.54
ORD100563,Books,Same-Day,2880,2.78,206.2,3,1.36,6.2,9.68,31.38
ORD100564,Books,Express,2410,2.25,685.3,4,3.83,6.06,5.31,55.86
ORD100565,Fashion,Express,5351,4.73,388.3,8,2.14,1.71,3.43,31.26
ORD100566,Fashion,Same-Day,2146,3.58,110.2,6,3.12,4.79,3.75,27.46
ORD100567,Electronics,Same-Day,5897,3.61,630.0,4,1.52,5.71,9.26,53.86
ORD100568,Home & Kitchen,Express,7193,4.96,438.4,7,3.88,1.37,2.12,41.22
ORD100569,Books,Express,7526,6.4,74.7,10,2.58,7.25,9.79,43.52
ORD100570,Fashion,Standard,4209,2.31,714.3,3,1.95,9.77,1.97,58.97
ORD100571,Home & Kitchen,Same-Day,5922,5.92,700.1,5,3.34,2.93,3.67,50.3
ORD100572,Fashion,Standard,6378,4.06,733.8,8,4.27,5.69,4.16,66.24
ORD100573,Fashion,Standard,2040,3.82,458.7,3,1.93,1.6,9.51,54.55
ORD100574,Fashion,Same-Day,-1200,3.12,508.0,6,3.63,9.36,8.72,52.78
ORD100575,Beauty,Same-Day,4874,2.93,771.9,7,4.79,6.22,3.68,55.32
ORD100576,Books,Express,2894,3.41,426.0,6,4.54,9.19,2.76,43.01
ORD100577,Books,Express,3268,4.2,468.3,7,2.1,5.86,3.52,51.44
ORD100578,Books,Express,7052,4.31,842.6,8,4.25,4.0,7.46,74.79
ORD100579,Home & Kitchen,Same-Day,7315,3.64,531.2,5,3.65,7.08,9.47,53.51
ORD100580,Fashion,Standard,4220,2.73,593.5,2,1.86,1.64,6.14,62.77
ORD100581,Electronics,Standard,3369,1.98,61.2,1,2.04,6.73,7.03,32.82
ORD100582,Home & Kitchen,Express,3271,2.62,713.9,1,1.81,4.08,3.71,53.73
ORD100583,Home & Kitchen,Standard,3346,2.81,619.6,1,1.3,2.58,3.67,48.02
ORD100584,Electronics,Standard,8870,5.31,50.3,7,1.72,7.78,1.41,40.9
ORD100585,Home & Kitchen,Standard,3286,2.63,70.3,2,2.37,2.33,3.32,31.76
ORD100586,Home & Kitchen,Express,3322,4.96,590.2,3,2.94,1.29,9.13,56.28
ORD100587,Books,Express,7132,5.95,909.7,9,2.45,9.04,8.55,76.83
ORD100588,Books,Standard,2971,5.32,851.7,5,3.88,1.16,9.08,74.91
ORD100589,Fashion,Same-Day,7021,4.7,2944.0,10,4.71,8.91,4.48,38.95
ORD100590,Beauty,Standard,3818,3.64,303.3,7,3.37,1.36,8.57,48.27
ORD100591,Books,Same-Day,3844,2.44,182.9,0,3.66,6.41,3.45,20.17
ORD100592,Fashion,Same-Day,5389,4.74,895.7,8,3.97,5.91,3.87,56.48
ORD100593,Beauty,Same-Day,4431,3.1,697.4,2,3.32,9.08,3.37,46.94
ORD100594,Fashion,Same-Day,5974,,298.5,5,2.35,8.15,2.86,38.13
ORD100595,Beauty,Express,2486,3.43,423.5,2,2.43,7.66,7.17,38.64
ORD100596,Beauty,Standard,5257,5.07,134.3,6,3.61,8.52,4.47,44.72
ORD100597,Home & Kitchen,Express,2711,2.47,286.9,2,2.15,1.72,9.22,46.76
ORD100598,Beauty,Standard,890,3.02,67.5,5,2.97,5.06,4.48,35.02
ORD100599,Books,Same-Day,3847,2.5,603.3,4,3.76,1.43,4.11,39.6
ORD100600,Books,Same-Day,3530,3.27,272.0,2,2.74,3.18,6.34,31.27
ORD100601,Books,Same-Day,5738,5.8,393.6,6,2.41,7.8,2.09,39.88
ORD100602,Books,Express,5992,3.55,919.6,4,3.02,4.95,9.31,69.24
ORD100603,Books,Standard,6430,4.86,189.3,6,2.32,9.69,6.43,47.36
ORD100604,Electronics,Express,6719,3.97,307.9,8,3.93,5.32,9.91,54.54
ORD100605,Beauty,Express,6726,2.87,702.8,5,1.41,9.45,8.58,63.43
ORD100606,Fashion,Same-Day,1882,1.79,314.4,1,1.21,1.76,2.21,23.01
ORD100607,Beauty,Standard,2640,1.48,516.5,1,3.09,5.32,2.64,52.8
ORD100608,Home & Kitchen,Standard,6585,6.16,869.2,9,3.72,5.86,9.54,78.29
ORD100609,Fashion,Express,1721,2.37,595.5,1,2.41,9.74,9.45,56.9
ORD100610,Electronics,Standard,2611,2.86,827.7,4,3.98,6.6,9.76,74.5
ORD100611,Fashion,Standard,3171,3.67,314.2,6,4.04,8.28,4.92,44.52
ORD100612,Fashion,Express,6368,32.7,537.4,7,2.75,2.46,3.22,45.71
ORD100613,Electronics,Standard,2376,2.04,110.4,2,2.04,4.93,6.25,46.42
ORD100614,,Same-Day,4365,3.66,520.3,7,1.99,3.65,9.23,45.64
ORD100615,Fashion,Same-Day,4096,2.76,517.1,2,2.75,8.6,5.21,41.52
ORD100616,Electronics,Same-Day,7336,3.66,888.6,3,2.95,7.25,7.03,66.13
ORD100617,Electronics,Express,3955,1.64,361.7,1,2.85,3.95,9.9,50.72
ORD100618,Beauty,Express,3705,2.07,16.6,3,2.97,5.09,8.79,33.76
ORD100619,Beauty,Express,938,2.59,846.2,2,2.11,8.3,8.42,69.45
ORD100620,Electronics,Same-Day,1591,3.01,374.4,1,1.56,9.43,5.49,38.14
ORD100621,Fashion,Same-Day,4700,3.4,927.5,8,3.36,1.65,8.97,58.2
ORD100622,Home & Kitchen,Same-Day,4663,2.61,683.7,3,2.28,9.42,8.44,56.67
ORD100623,Fashion,Same-Day,4327,4.5,403.7,8,2.71,3.16,2.31,32.94
ORD100624,Books,Standard,3606,2.21,898.2,2,3.34,6.7,3.22,69.47
ORD100625,Beauty,Express,4337,5.02,297.1,6,2.84,2.74,3.19,30.37
ORD100626,Electronics,Standard,7393,3.87,347.2,6,2.72,2.4,9.12,52.39
ORD100627,Books,Express,300,2.19,156.7,2,1.57,3.54,4.75,24.48
ORD100628,Electronics,Express,5112,6.92,224.2,8,4.39,5.11,7.63,40.19
ORD100629,Home & Kitchen,Standard,10045,4.95,138.4,9,2.91,2.9,8.56,45.07
ORD100630,Books,Standard,904,2.98,931.1,1,3.08,2.45,4.12,65.04
ORD100631,Books,Same-Day,,4.02,290.2,7,4.15,9.16,7.73,36.17
ORD100632,Fashion,Same-Day,4009,2.65,895.3,5,3.64,8.64,6.23,70.27
ORD100633,Home & Kitchen,Express,4619,6.95,571.3,0,1.61,3.37,8.25,55.42
ORD100634,Electronics,Same-Day,4121,2.79,867.6,4,3.97,5.41,5.03,59.53
ORD100635,Electronics,Express,3700,2.72,657.5,1,1.94,5.15,2.47,50.66
ORD100636,Books,Same-Day,2131,2.97,210.0,4,2.27,8.1,9.2,37.72
ORD100637,Home & Kitchen,Express,3554,3.47,870.2,2,1.89,2.38,4.84,61.94
ORD100638,Fashion,Same-Day,4546,4.58,646.2,8,2.08,6.69,1.9,43.33
ORD100639,Beauty,Same-Day,1308,2.66,135.2,2,0.94,5.14,1.19,12.36
ORD100640,Books,Standard,3633,2.5,808.7,1,2.65,5.17,7.71,70.8
ORD100641,Electronics,Same-Day,7402,3.32,581.3,7,3.07,6.11,8.84,45.72
ORD100642,Home & Kitchen,Express,2822,4.18,206.8,1,1.26,3.13,9.75,33.17
ORD100643,Beauty,Standard,48570,4.79,93.8,7,2.13,9.39,2.61,34.58
ORD100644,Fashion,Standard,5601,3.46,277.6,3,2.77,8.54,5.84,41.17
ORD100645,Home & Kitchen,Same-Day,8604,4.02,345.8,7,3.8,8.86,6.56,44.37
ORD100646,Beauty,Same-Day,8207,3.31,259.9,8,3.48,2.45,4.24,35.17
ORD100647,Home & Kitchen,Standard,4870,3.49,352.3,4,2.01,7.16,7.65,52.0
ORD100648,Books,Standard,4555,3.17,392.7,3,3.41,7.94,6.87,59.25
ORD100649,Beauty,Standard,7930,4.7,670.6,10,4.21,9.8,8.71,80.51
ORD100650,Home & Kitchen,Express,2846,4.68,882.0,4,1.79,7.39,6.98,73.71
ORD100651,Home & Kitchen,Same-Day,3038,2.66,471.0,3,1.85,7.79,6.86,39.15
ORD100652,Home & Kitchen,Express,2370,3.93,573.6,2,2.03,2.92,9.77,54.96
ORD100653,Fashion,Standard,7555,4.46,660.7,4,1.95,3.36,1.12,54.35
ORD100654,Electronics,Express,4129,3.8,470.7,5,2.15,4.41,1.47,50.66
ORD100655,Home & Kitchen,Standard,5550,4.61,890.1,9,3.13,9.84,1.9,82.84
ORD100656,Electronics,Standard,9895,6.88,588.0,10,3.69,9.1,2.4,59.59
ORD100657,Fashion,Standard,3658,3.2,823.4,1,1.21,8.78,6.11,67.64
ORD100658,Home & Kitchen,Same-Day,3410,3.79,66.8,3,3.68,2.5,1.36,11.92
ORD100659,Electronics,Standard,8157,3.37,939.4,6,4.16,5.15,8.36,75.16
ORD100660,Beauty,Standard,2825,4.61,804.7,3,2.24,3.08,1.43,61.57
ORD100661,Electronics,Same-Day ,4746,4.36,47.4,5,3.67,8.14,4.91,29.56
ORD100662,Home & Kitchen,Same-Day,2696,2.51,381.2,2,3.24,4.95,4.31,32.49
ORD100663,Books,Express,4759,4.68,94.3,8,4.84,1.58,6.64,35.12
ORD100664,Beauty,Same-Day,3550,5.27,616.6,1,2.35,5.03,8.89,55.44
ORD100665,Books,Same-Day,2996,4.2,859.4,3,2.51,9.18,5.06,62.38
ORD100666,Home & Kitchen,Same-Day,2077,4.2,162.3,3,1.23,5.09,7.26,27.91
ORD100667,Books,Same-Day,2173,3.63,277.0,6,3.34,3.89,2.06,20.64
ORD100668,Electronics,Same-Day,300,3.71,199.0,1,3.52,8.43,4.36,28.45
ORD100669,Electronics,Same-Day,4350,3.94,274.9,5,4.36,9.03,1.44,27.34
ORD100670,Home & Kitchen,Express,6248,3.76,174.0,6,2.58,3.97,5.2,35.34
ORD100671,Books,Same-Day,1662,2.84,840.8,2,1.6,7.54,3.74,45.48
ORD100672,Electronics,Same-Day,7821,4.95,549.8,9,2.68,5.7,6.82,51.5
ORD100673,Home & Kitchen,Express,6942,4.06,806.2,6,2.9,1.71,7.09,58.72
ORD100674,Home & Kitchen,Standard,5957,4.86,182.8,7,2.15,7.25,6.56,43.09
ORD100675,Electronics,Express,3867,4.08,219.0,1,2.77,5.76,5.91,36.97
ORD100676,Home & Kitchen,Same-Day,6938,3.77,661.6,3,2.83,4.9,7.52,50.77
ORD100677,Home & Kitchen,Express,4327,5.34,710.7,3,1.99,9.24,1.99,60.71
ORD100678,Beauty,Express,6791,3.85,519.7,9,3.67,9.51,4.41,51.78
ORD100679,Fashion,Standard,3364,2.32,147.8,4,1.61,4.15,7.88,38.96
ORD100680,Books,Express,4013,3.02,894.5,6,2.68,5.57,1.43,57.13
ORD100681,Home & Kitchen,Same-Day,2856,3.47,359.2,2,4.29,5.77,4.02,32.91
ORD100682,Electronics,Same-Day,6190,2.92,106.7,5,4.1,4.3,9.22,33.83
ORD100683,Fashion,Same-Day,3284,2.7,406.7,1,2.16,4.77,7.18,30.24
ORD100684,Electronics,Same-Day,6465,3.37,611.0,2,2.93,3.9,9.86,50.39
ORD100685,Home & Kitchen,,6290,6.64,28.1,9,2.44,4.41,3.56,42.98
ORD100686,Beauty,Express,2129,2.43,410.8,5,4.2,4.82,5.25,49.32
ORD100687,Fashion,Same-Day,8585,3.95,611.2,10,3.03,4.57,1.53,40.58
ORD100688,Home & Kitchen,Standard,1100,3.26,796.5,1,1.06,3.93,2.6,54.85
ORD100689,Electronics,Same-Day,7099,4.01,559.8,8,4.13,1.8,3.24,38.47
ORD100690,Fashion ,Standard,1665,2.1,531.5,3,3.3,4.01,9.37,61.99
ORD100691,Books,Same-Day,2989,4.37,366.6,7,4.23,9.36,8.58,41.5
ORD100692,Electronics,Standard,5901,4.55,179.4,6,4.18,4.32,8.27,50.09
ORD100693,Electronics,Standard,7433,3.8,183.1,7,3.24,3.19,6.18,44.98
ORD100694,Home & Kitchen,Express,2955,4.34,203.0,7,2.12,3.49,4.13,38.84
ORD100695,Electronics,Express,5610,4.4,936.3,7,4.6,6.06,1.43,68.22
ORD100696,Books,Same-Day,2271,1.8,94.7,2,1.41,5.35,7.27,19.04
ORD100697,Fashion,Same-Day,8615,5.71,246.8,7,3.29,1.14,6.52,33.51
ORD100698,Home & Kitchen,Same day,7776,4.65,421.6,10,1.88,8.59,4.86,40.22
ORD100699,Electronics,Express,7954,2.93,291.8,5,2.75,1.45,3.07,35.09
ORD100700,Electronics,Express,4141,3.14,503.0,5,1.55,5.42,3.77,52.84
ORD100701,Fashion,Express,3617,2.97,635.3,6,2.19,1.76,9.62,52.25
ORD100702,Electronics,Standard,3740,2.87,91.6,3,2.04,8.46,1.7,35.79
ORD100703,Books,Same-Day,300,1.88,678.1,1,2.81,5.24,1.07,46.91
ORD100704,Fashion,Express,4614,3.52,203.6,3,2.28,7.31,3.57,34.55
ORD100705,Fashion,Same-Day,2358,4.21,810.8,5,3.4,5.65,3.98,51.25
ORD100706,Fashion,Standard,6561,4.31,624.9,10,3.78,1.11,2.35,57.72
ORD100707,Fashion,Same-Day,8121,4.93,863.2,10,4.6,9.86,9.98,77.65
ORD100708,Books,Same-Day,2252,2.78,360.4,5,3.9,6.47,6.26,43.45
ORD100709,Electronics,Same-Day,6034,2.19,864.1,3,2.67,8.4,8.03,64.02
ORD100710,Home & Kitchen,Express,2394,3.86,314.9,3,3.91,7.91,9.19,50.61
ORD100711,Beauty,Express,4964,1.69,740.8,1,2.88,3.28,1.87,48.11
ORD100712,Fashion,Standard,4676,2.06,623.3,2,3.15,9.87,2.26,61.03
ORD100713,Electronics,Express,2676,3.41,859.0,3,2.98,1.26,7.14,61.05
ORD100714,Home & Kitchen,Standard,4928,4.18,517.4,3,1.24,7.69,1.59,52.47
ORD100715,Books,Standard,3869,1.97,661.4,1,3.28,7.0,7.96,71.82
ORD100716,Electronics,Same-Day,4824,2.55,915.5,3,1.38,2.62,7.38,53.69
ORD100717,Home & Kitchen,Standard,8288,4.05,603.1,8,2.27,4.64,5.58,62.68
ORD100718,Home & Kitchen,Express,6367,4.66,284.5,6,4.07,7.87,4.07,46.11
ORD100719,Beauty,Same-Day,4765,1.8,917.2,1,1.02,1.54,1.94,41.69
ORD100720,Fashion,Standard,1111,3.24,246.3,1,2.13,4.87,8.7,45.65
ORD100721,Electronics,Same-Day,10111,3.32,211.6,7,1.82,3.52,1.4,25.82
ORD100722,Electronics,Express,1619,2.48,822.3,1,3.18,4.53,7.71,68.06
ORD100723,Electronics,Same-Day,4919,3.36,214.4,3,2.86,8.14,9.65,27.94
ORD100724,Electronics,Express,4314,3.94,213.5,6,2.48,4.42,6.37,31.69
ORD100725,Beauty,Standard,4875,3.64,564.7,6,2.7,1.91,9.02,65.63
ORD100726,Electronics,Standard,4993,2.94,220.5,2,2.4,7.19,4.03,42.68
ORD100727,Beauty,Express,2061,1.68,921.6,2,3.69,4.09,3.33,63.99
ORD100728,Beauty,Same-Day,300,1.68,776.1,2,3.6,8.84,7.62,57.45
ORD100729,Electronics,Same-Day,5972,3.32,253.0,4,2.46,6.97,2.13,22.42
ORD100730,Fashion,Standard,6154,3.47,252.0,8,4.53,2.4,1.64,40.71
ORD100731,Home & Kitchen,Same-Day,1881,3.45,827.5,2,1.72,1.29,3.98,45.83
ORD100732,Books,Standard,1348,2.15,624.7,3,3.09,1.23,6.37,58.54
ORD100733,Fashion,Standard,3302,2.01,722.8,1,2.87,6.76,2.98,61.94
ORD100734,Home & Kitchen,Express,3230,3.75,393.8,4,4.55,9.85,9.23,59.94
ORD100735,Beauty,Express,4399,2.01,862.5,2,2.28,1.68,9.92,60.99
ORD100736,Beauty,Express,1427,1.18,789.6,1,2.58,7.83,2.45,54.22
ORD100737,Home & Kitchen,Same-Day,5231,4.88,328.0,3,3.06,7.04,5.36,35.9
ORD100738,Fashion,Express,4344,3.83,205.0,2,3.33,4.69,5.24,31.44
ORD100739,Home & Kitchen,same-day,6610,3.47,853.2,5,1.51,1.47,8.08,60.24
ORD100740,Electronics,Standard,5687,4.16,800.4,6,2.95,7.15,2.52,64.16
ORD100741,Books,Same-Day,2626,2.72,319.9,5,3.02,8.31,1.27,28.94
ORD100742,Beauty,Same-Day,7355,4.4,897.9,8,3.76,4.66,5.49,59.87
ORD100743,Electronics,Express,3397,2.04,278.2,1,3.54,3.73,4.88,38.3
ORD100744,Home & Kitchen,Same-Day,5333,3.58,113.6,1,1.73,1.46,6.77,19.04
ORD100745,Fashion,Same-Day,-750,4.71,196.7,8,2.34,4.59,4.61,26.93
ORD100746,Beauty,Same-Day,1372,1.69,860.7,2,3.08,9.97,1.04,57.32
ORD100747,Home & Kitchen,Standard,5180,4.38,122.0,7,2.66,1.68,4.68,40.57
ORD100748,Fashion,Express,3674,4.03,876.3,2,3.13,7.2,5.23,68.76
ORD100749,Books,Standard,5546,3.2,885.0,7,3.43,1.95,8.79,71.73
ORD100750,Home & Kitchen,Standard,1651,4.33,179.0,2,1.68,4.52,9.8,49.62
ORD100751,Home & Kitchen,Express,7412,6.04,615.1,10,3.4,3.83,4.44,54.82
ORD100752,Electronics,Standard,5630,5.38,717.3,8,2.83,6.11,5.58,75.12
ORD100753,Books,Same-Day,4844,2.98,47.4,7,3.26,3.57,6.53,24.05
ORD100754,Home & Kitchen,Same-Day,5816,3.79,663.2,7,2.17,5.0,1.67,36.56
ORD100755,Electronics,Standard,6114,3.91,903.7,0,2.16,1.32,5.76,70.38
ORD100756,Beauty,Standard,3080,1.78,552.1,2,2.61,1.61,2.72,47.37
ORD100757,Beauty,Express,5501,2.92,698.4,6,2.4,1.48,7.39,55.42
ORD100758,Electronics,Standard,8831,3.65,611.4,8,1.61,6.6,5.85,64.27
ORD100759,Books,Same-Day,1211,1.62,912.4,1,4.08,7.4,3.11,50.31
ORD100760,Fashion,Express,300,2.31,740.8,3,4.32,4.13,8.29,59.63
ORD100761,Home & Kitchen,Same-Day,4597,3.25,433.1,4,2.46,3.7,9.24,48.44
ORD100762,Books,Same-Day,5171,3.69,846.4,4,3.03,1.24,1.25,51.37
ORD100763,Beauty,Standard,3690,4.87,753.6,5,3.81,6.22,9.23,71.43
ORD100764,Electronics,Express ,4968,3.17,885.2,2,3.04,3.1,4.18,57.76
ORD100765,Books,Same-Day,5047,2.68,727.5,1,2.57,6.54,8.67,53.82
ORD100766,Books,Standard,7996,4.11,449.5,10,4.88,1.21,4.1,62.4
ORD100767,Beauty,Express,336,2.24,698.7,4,1.9,5.02,3.76,52.17
ORD100768,Beauty,Express,7993,3.59,492.8,6,2.66,9.65,3.08,53.49
ORD100769,Books,Express,5456,3.41,366.7,5,1.46,2.12,3.78,34.56
ORD100770, beauty ,Express,2145,2.0,517.6,1,1.17,9.33,4.19,50.85
ORD100771,Electronics,Same-Day,1392,1.83,700.5,1,2.17,1.02,6.58,46.21
ORD100772,Fashion,Express,2817,2.45,33.8,3,3.54,1.16,1.95,19.44
ORD100773,Beauty,Express,6659,4.66,605.5,9,4.09,2.73,6.1,55.25
ORD100774,Electronics,Express,7996,4.32,899.0,10,2.95,9.25,9.52,78.57
ORD100775,Home & Kitchen,Standard,5122,4.86,615.7,7,3.98,2.49,1.28,62.7
ORD100776,Electronics,Same-Day,6259,5.52,798.5,0,3.24,8.58,9.35,73.52
ORD100777,Electronics,Express,5019,3.08,47.9,3,1.98,2.31,5.99,17.6
ORD100778,Electronics,Standard,6600,3.79,912.3,7,3.84,4.35,4.28,72.28
ORD100779,Beauty,Standard,5817,6.82,715.0,8,2.85,4.29,3.92,60.36
ORD100780,Home & kitchen,Express,330,4.39,424.1,2,1.86,8.88,7.62,47.39
ORD100781,Home & Kitchen,Express,4465,3.98,893.5,3,3.78,4.37,8.66,70.01
ORD100782,Books,Standard,4251,2.65,325.3,5,2.48,6.58,5.47,47.68
ORD100783,Books,Standard,6434,1.93,580.1,2,1.67,2.53,2.22,57.18
ORD100784,Fashion,Express,7178,2.52,782.2,4,1.65,7.23,6.23,63.45
ORD100785, electronics,Express,4714,3.48,693.3,7,2.39,6.71,2.37,60.12
ORD100786,Books,Same-Day,6428,3.67,273.5,9,3.53,2.56,4.83,30.86
ORD100787,Beauty,,432,1.93,562.2,2,2.05,5.26,7.73,55.59
ORD100788,Fashion,Express,1496,3.19,132.5,4,3.37,3.95,7.56,33.09
ORD100789,Fashion,Same-Day,7708,3.54,832.9,7,2.67,7.76,7.06,64.34
ORD100790,Fashion,Same-Day,648,2.12,506.4,3,2.11,7.31,8.35,49.36
ORD100791,Books,STANDARD,5605,3.84,568.1,8,4.16,8.56,2.44,61.93
ORD100792,Books,Standard,7014,4.73,103.2,8,4.05,9.45,9.69,55.18
ORD100793,Beauty,Standard,3000,2.15,212.5,2,1.87,3.7,1.28,36.65
ORD100794,,Standard,3530,2.48,23.1,4,2.3,8.18,5.7,38.52
ORD100795,Electronics,Express,6270,3.59,603.4,4,3.82,1.34,5.35,49.93
ORD100796,Books,Express,6101,4.21,432.2,8,2.81,9.65,3.66,42.01
ORD100797,Beauty,Standard,4641,3.9,203.7,6,1.54,9.83,6.99,48.56
ORD100798,Beauty,Standard,3581,1.89,437.1,2,3.88,4.92,6.16,47.64
ORD100799,Beauty,Same-Day,5071,3.46,836.9,8,2.66,6.99,5.16,59.76
ORD100800,Electronics,Same-Day,5149,2.97,238.8,5,3.84,8.94,1.33,35.93
ORD100801,Electronics,Same-Day,1537,2.25,766.1,1,1.28,5.45,2.43,46.99
ORD100802,Books,Same-Day,3438,2.31,171.3,2,3.96,6.29,1.77,19.83
ORD100803,Beauty,Express,2489,1.57,109.8,1,2.18,0.0,6.24,29.99
ORD100804,Fashion,Same-Day,7484,5.82,720.0,6,2.21,4.64,4.82,53.3
ORD100805,Electronics,Standard,2966,3.47,573.4,1,2.95,7.48,2.73,48.71
ORD100806,Books,Standard,1261,1.65,244.5,1,2.1,6.15,6.09,44.09
ORD100807,Electronics,Standard,4048,3.26,927.3,4,3.31,5.52,5.62,81.58
ORD100808,Books,Same-Day,4592,1.77,243.6,1,1.85,9.45,6.58,20.53
ORD100809,Books,Same-Day,1531,2.27,172.6,1,3.07,5.81,7.53,31.2
ORD100810,Home & Kitchen,Express,1907,3.14,820.4,3,3.58,8.23,1.0,58.86
ORD100811,Home & Kitchen,Standard,3408,3.89,345.1,2,2.97,5.82,7.42,51.43
ORD100812,Beauty,Same-Day,4591,3.84,881.3,7,2.61,2.06,9.02,58.4
ORD100813,Fashion,Express,4764,3.41,636.0,6,2.31,5.58,9.17,53.21
ORD100814,Home & Kitchen,Express,5274,2.87,523.0,1,2.25,8.47,9.84,55.69
ORD100815,Home & Kitchen,Standard,3586,5.88,774.3,6,2.06,3.02,7.81,73.01
ORD100816,Books,Same-Day,4278,2.13,356.8,1,2.57,6.81,5.23,39.73
ORD100817,Electronics,Standard,3984,2.32,169.2,1,2.17,4.57,2.26,29.81
ORD100818,Fashion,Standard,2720,2.95,793.0,5,4.0,4.98,7.15,77.83
ORD100819,Books,Express,3955,2.18,866.7,3,1.57,4.38,6.09,59.96
ORD100820,Home & Kitchen,Standard,8457,6.13,180.7,8,3.65,3.64,13.6,41.91
ORD100821,Home & Kitchen,Same-Day,1427,3.46,661.2,3,3.48,8.35,4.46,46.96
ORD100822,Books,Express,1187,2.73,152.9,2,2.13,1.3,9.5,31.7
ORD100823,Fashion,Express,4868,3.3,273.9,7,3.36,5.73,6.32,35.93
ORD100824,Beauty,Express,4429,2.56,879.4,5,3.77,7.85,1.31,63.02
ORD100825,Beauty,Standard,6134,4.12,25.6,7,2.69,6.59,5.99,36.48
ORD100826,Beauty,Same-Day,2451,3.69,902.3,2,2.25,8.33,7.11,61.04
ORD100827,Books,Same-Day,3716,4.51,809.1,8,4.69,4.39,4.81,55.95
ORD100828,Home & Kitchen,Standard,5745,4.69,21.8,6,3.94,7.67,3.0,29.1
ORD100829,Beauty,Same-Day,4837,3.98,433.9,7,2.39,9.34,3.67,46.02
ORD100830,Home & Kitchen,Standard,6060,4.66,109.6,5,4.76,2.18,9.34,43.19
ORD100831,Fashion,Same-Day,1011,2.51,144.9,4,2.36,6.12,2.79,26.18
ORD100832,Beauty,Express,1959,2.02,939.9,4,4.02,7.25,5.96,70.82
ORD100833,Beauty,Standard,1851,2.92,756.4,4,3.7,4.12,6.64,63.2
ORD100834,Books,STANDARD,4489,3.23,195.6,5,1.5,1.38,8.98,44.98
ORD100835,Beauty,Standard,9077,8.71,648.8,9,2.49,2.14,6.4,68.72
ORD100836,Fashion,Standard,6297,3.72,772.8,5,3.96,5.08,7.07,66.67
ORD100837,Beauty,Express,2429,4.52,146.0,3,3.42,4.81,1.53,33.05
ORD100838,Books,Express,3937,3.9,285.8,5,2.34,3.8,3.01,32.82
ORD100839,Home & Kitchen,Standard,2094,2.35,80.8,1,0.84,4.35,2.7,27.91
ORD100840,Home & Kitchen,Same-Day,2883,5.45,846.2,3,1.56,2.35,5.12,52.34
ORD100841,Home & Kitchen,Express,2428,3.85,779.1,7,4.34,1.26,6.09,53.36
ORD100842,Beauty,Standard,6001,3.43,829.5,8,2.19,9.82,7.66,83.48
ORD100843,Books,Same-Day,3870,5.62,698.0,4,1.52,4.69,8.93,53.47
ORD100844,Home & Kitchen,Standard,3550,4.33,315.3,2,2.63,2.03,5.13,45.23
ORD100845,Home & Kitchen,Same-Day,5609,4.55,848.3,4,2.09,1.88,8.42,58.81
ORD100846,Electronics,Same-Day,2490,4.33,316.6,4,2.56,6.83,5.88,37.05
ORD100847,Fashion,Express,1277,4.08,368.1,4,1.78,6.99,8.86,48.33
ORD100848,Electronics,Express,4604,4.36,136.8,6,2.28,7.71,5.21,30.51
ORD100849,Books,Same-Day,1694,2.53,836.7,3,3.31,8.2,8.09,63.47
ORD100850,Fashion,Same-Day,6817,3.35,525.1,7,2.36,5.34,7.14,50.29
ORD100851,Beauty,Standard,6434,4.49,672.4,9,3.9,5.73,7.25,71.73
ORD100852,Fashion,Express,658,2.23,33.4,4,2.76,8.36,1.97,24.26
ORD100853,Books,Express,737,2.87,740.8,1,2.99,3.19,7.05,54.58
ORD100854,Home & Kitchen,Standard,6057,3.21,262.8,3,1.76,5.74,7.41,49.19
ORD100855,Books,Express,2174,1.68,278.7,2,3.22,1.46,7.97,35.61
ORD100856,Home & Kitchen,Standard,5584,5.13,717.9,6,2.74,9.7,9.29,85.02
ORD100857,Electronics,Express,9389,4.15,368.9,8,2.05,6.55,7.8,45.35
ORD100858,Fashion,Same-Day,6076,2.76,278.0,5,1.87,8.36,4.79,32.98
ORD100859,Fashion,Same-Day,5465,3.84,839.4,7,4.11,2.61,5.54,58.19
ORD100860,Books,Standard,3540,1.86,436.4,3,3.99,7.49,9.83,59.51
ORD100861,Electronics,Standard,8508,3.81,414.7,5,3.16,7.33,2.43,55.79
ORD100862,Books,Standard,2426,2.33,246.7,3,2.55,7.86,1.89,42.2
ORD100863,Books,Same-Day,3050,1.42,875.6,1,1.37,9.8,8.47,67.98
ORD100864,Home & Kitchen,Express,4267,4.98,620.2,3,1.59,4.62,5.63,61.51
ORD100865,Electronics,Same-Day,4161,3.76,621.5,2,3.43,5.08,2.85,41.97
ORD100866,Beauty,Express,-950,2.46,443.1,4,3.17,4.39,5.93,44.99
ORD100867,Electronics,Standard,5035,6.12,97.1,5,4.28,3.95,4.68,46.4
ORD100868,Home & Kitchen,Standard,5466,4.8,488.5,8,4.77,3.87,8.15,62.42
ORD100869,Books,Standard,5792,4.04,697.9,7,3.74,5.64,2.92,59.36
ORD100870,Books,Same-Day,8824,3.94,167.6,10,4.39,9.76,1.79,34.47
ORD100871,Home & Kitchen,Same-Day,2421,6.79,924.9,5,4.13,3.28,4.77,64.97
ORD100872,Electronics,Standard,5063,3.8,409.9,4,2.55,1.06,6.36,47.85
ORD100873,Fashion,Express,3847,1.72,851.3,2,2.63,6.54,8.74,70.48
ORD100874,Books,Express,6456,5.36,483.3,7,2.26,4.1,7.23,46.46
ORD100875,Home & Kitchen,Express,989,3.3,192.8,3,4.21,3.28,8.03,40.06
ORD100876,Fashion,Standard,7375,4.28,485.1,7,1.63,2.83,4.32,56.12
ORD100877,Home & Kitchen,Standard,3848,4.92,433.7,2,1.04,5.99,7.86,52.72
ORD100878,Beauty,Same-Day,7846,3.44,450.3,8,2.95,3.21,6.61,42.81
ORD100879,Electronics,Standard,1285,4.88,369.5,2,1.72,8.6,4.68,46.74
ORD100880,Electronics,Same-Day,3713,2.0,944.3,1,3.26,6.21,7.14,56.31
ORD100881,Books,Same-Day,5727,3.23,692.8,5,2.56,7.82,5.11,54.36
ORD100882,Fashion,Same-Day,4218,5.88,515.9,7,1.87,2.47,5.77,39.83
ORD100883,Electronics,Standard,4904,4.3,872.3,4,3.75,6.09,1.35,61.89
ORD100884,Fashion,Standard,3608,2.05,857.1,1,3.22,3.5,3.9,71.08
ORD100885,Electronics,Express,8512,4.23,521.7,6,2.38,4.04,6.72,57.35
ORD100886,Books,Express,619,2.26,515.6,1,0.99,1.75,8.99,44.64
ORD100887,Books,Express,5098,5.73,501.7,4,2.43,5.8,1.59,44.6
ORD100888,Beauty,Standard,4269,6.58,574.5,8,4.31,6.31,3.78,59.47
ORD100889,Home & Kitchen,Express,5233,2.69,150.7,3,3.54,1.97,1.97,27.76
ORD100890,Fashion,Express,2265,1.99,654.7,1,3.13,7.76,2.82,47.83
ORD100891,Home & Kitchen,Standard,2972,3.67,35.1,2,3.1,6.65,7.95,43.45
ORD100892,Beauty,Standard,4697,2.52,39.1,6,3.97,6.84,7.03,41.92
ORD100893,Electronics,Standard,4623,4.62,652.5,4,2.99,7.77,8.18,62.72
ORD100894,Home & Kitchen,Standard,7022,6.74,896.7,8,3.59,7.61,7.94,82.45
ORD100895,Beauty,Express,4136,2.77,512.2,5,2.28,3.03,4.2,46.96
ORD100896,Fashion,Same-Day,5184,4.3,639.7,8,2.41,7.68,2.32,49.9
ORD100897,Electronics,Same-Day,7288,3.1,523.1,5,3.09,9.08,9.63,58.82
ORD100898,Electronics,Standard,1635,2.82,832.4,2,3.89,8.71,5.68,65.85
ORD100899,Beauty,Same-Day,2513,1.56,849.6,1,2.08,7.34,5.04,49.46
ORD100900,Fashion,Standard,3078,4.14,106.6,5,2.78,9.58,7.12,50.31
ORD100901,Books,Same-Day,5788,3.31,230.2,5,2.89,3.67,3.95,23.99
ORD100902,Books,Same-Day,3480,3.79,535.4,5,4.45,7.86,5.62,55.9
ORD100903,Electronics,Standard,9375,5.25,121.1,9,-1.7,2.52,1.22,32.56
ORD100904,Home & Kitchen,Standard,7841,4.3,174.3,9,4.94,7.6,1.16,43.09
ORD100905,Beauty,Express,3959,4.04,470.6,3,4.01,3.34,7.0,48.88
ORD100906,Books,Express,2291,1.49,849.3,1,2.91,5.36,1.37,59.46
ORD100907,Electronics,Express,4272,2.82,96.4,4,1.99,1.86,5.57,29.6
ORD100908,Home & Kitchen,Express,3212,3.08,231.5,1,,3.57,9.54,40.42
ORD100909,Books,Same-Day,1723,3.98,760.6,3,1.46,3.73,8.36,53.32
ORD100910,Beauty,Express,8312,3.26,278.2,5,3.8,8.98,3.48,37.72
ORD100911,Electronics,Express,7167,5.91,284.0,9,4.75,5.48,6.17,44.27
ORD100912,Fashion,Express,589,2.01,835.5,1,2.58,7.72,9.28,63.43
ORD100913,Beauty,Same-Day,3064,4.1,699.7,4,1.82,6.45,9.57,52.23
ORD100914,Books,Express,2195,1.81,823.8,3,2.47,4.39,5.37,61.49
ORD100915,Beauty,Same-Day,5143,3.4,314.8,7,-2.5,6.48,8.13,40.28
ORD100916,Electronics,Standard,2849,2.19,710.1,2,3.78,3.46,2.79,56.36
ORD100917,Books,Express,657,1.9,695.9,2,1.82,5.66,1.16,47.78
ORD100918, beauty ,Same-Day,2183,2.86,887.8,3,3.15,6.24,7.22,59.98
ORD100919,Fashion,Express,3375,2.86,24.5,5,3.55,8.29,8.26,39.87
ORD100920,Fashion,Standard,6943,4.51,256.4,8,2.78,4.62,1.27,39.3
ORD100921,Beauty,Same-Day,2707,2.63,314.7,5,4.22,6.45,6.79,38.78
ORD100922,Electronics,Standard,6981,5.14,828.4,6,2.4,2.84,9.48,73.94
ORD100923,Books,Same-Day,1696,1.81,38.4,1,1.07,7.87,2.79,19.69
ORD100924,Beauty,Express,4388,1.52,511.5,1,3.34,6.92,2.88,44.53
ORD100925,Beauty,Same-Day,3226,2.89,730.3,6,2.32,7.02,7.31,55.22
ORD100926,Home & Kitchen,Express,2522,2.83,187.0,1,0.83,5.32,5.16,39.11
ORD100927,Fashion,Express,2584,3.19,220.2,7,3.55,6.1,2.51,32.07
ORD100928,Books,Express,4812,1.83,887.9,3,1.81,2.95,8.54,71.69
ORD100929,Home & Kitchen,Same-Day,300,4.69,118.9,2,2.7,7.55,1.37,27.35
ORD100930,Beauty,Same-Day,4600,2.98,370.9,5,2.01,7.97,8.84,43.9
ORD100931,Home & Kitchen,Same-Day,3655,3.2,489.2,2,2.78,6.84,2.31,37.11
ORD100932,Home & Kitchen,Express,7899,3.13,888.9,4,2.02,4.14,1.89,61.62
ORD100933,Electronics,Standard,7246,4.33,49.7,4,1.46,5.0,5.25,35.14
ORD100934,Home & Kitchen,Express,3558,3.34,480.3,2,1.31,8.87,4.25,51.81
ORD100935,Beauty,Standard,3249,3.11,722.6,4,1.72,3.67,6.43,60.6
ORD100936,Home & Kitchen,Same-Day,8499,5.01,576.5,5,2.16,7.83,1.59,48.46
ORD100937,Electronics,Express,5498,3.4,447.7,5,2.76,7.09,9.15,51.38
ORD100938,Beauty,Standard,1806,3.22,348.9,5,2.51,5.45,4.77,54.18
ORD100939,Electronics,Standard,5430,5.07,604.6,6,2.58,5.83,8.85,72.93
ORD100940,Books,Standard,5744,4.15,256.9,9,2.35,4.41,7.55,49.16
ORD100941,Home & Kitchen,Same-Day,3608,4.06,836.0,1,2.92,5.21,3.45,54.36
ORD100942,Electronics,Express,6921,5.73,548.9,8,3.72,7.37,8.27,54.25
ORD100943,Beauty,Express,3731,3.59,748.2,7,2.79,1.23,8.39,62.72
ORD100944,Home & Kitchen,Express,4942,5.26,118.7,5,4.52,1.76,3.37,35.58
ORD100945,Books,Standard,5845,4.58,485.3,8,3.53,6.1,8.25,63.87
ORD100946,Electronics,Same-Day,4924,2.97,517.5,5,4.43,5.06,4.87,50.09
ORD100947,Home & Kitchen,Standard,2291,2.32,872.4,1,3.03,5.21,8.62,75.33
ORD100948,Books,Express,7355,6.77,597.5,5,2.9,9.0,6.79,60.0
ORD100949,Books,Same-Day,5056,2.17,691.9,4,,6.66,7.4,56.33
ORD100950,Fashion,Same-Day,5468,4.07,258.1,7,1.95,6.98,9.2,38.41
ORD100951,Electronics,Standard,5563,3.36,341.0,5,1.75,5.94,5.17,45.93
ORD100952,Beauty,Standard,2073,1.45,546.0,1,3.46,3.58,6.1,52.96
ORD100953,Books,Same-Day,1409,1.69,34.7,1,2.32,5.88,8.01,23.07
ORD100954,Electronics,Standard,9202,4.53,562.9,6,2.37,1.95,1.09,52.75
ORD100955,Home & Kitchen,Standard,3694,3.0,134.1,3,3.72,2.67,6.95,40.87
ORD100956,Beauty,Standard,3490,2.22,188.4,3,1.27,2.87,6.43,38.08
ORD100957,Electronics,Express,2816,1.91,852.3,1,2.7,4.27,4.69,64.25
ORD100958,Beauty,Express,3434,3.59,710.2,4,1.48,1.22,5.57,47.19
ORD100959,Books,Standard,3814,3.8,843.2,3,3.53,9.74,3.66,76.77
ORD100960,Fashion,Express,2787,2.61,315.0,2,3.02,3.7,9.05,34.84
ORD100961,Fashion,Standard,5287,4.29,325.9,5,3.35,5.0,3.98,44.87
ORD100962,Fashion,Standard,3724,4.27,9366.0,6,3.57,5.3,7.7,78.24
ORD100963,Home & Kitchen,Express,8397,8.31,30.8,10,3.23,8.06,6.64,46.68
ORD100964,Electronics,Same-Day,4914,3.64,102.2,7,2.69,3.33,7.15,30.58
ORD100965,Electronics,Express,1747,2.73,102.1,3,1.65,2.47,4.46,22.26
ORD100966,Fashion,Express,2714,2.25,749.5,2,0.75,2.29,4.25,43.73
ORD100967,Home & Kitchen,Same-Day,3017,5.01,507.7,8,4.27,7.43,2.98,51.89
ORD100968,Fashion,Express,3287,3.75,68.4,6,3.54,4.53,7.62,28.43
ORD100969,Electronics,Same-Day,3854,3.6,590.4,1,4.03,8.52,2.57,44.71
ORD100970,Books,Standard,3234,2.61,521.2,2,2.71,5.27,8.58,57.17
ORD100971,Fashion,Same-Day,7438,4.04,755.1,9,3.04,2.91,1.22,50.09
ORD100972,Beauty,Express,4943,3.52,898.0,4,2.78,5.39,9.1,75.14
ORD100973,Books,Express,2065,4.73,382.2,6,2.87,5.49,2.55,38.59
ORD100974,Home & Kitchen,Same-Day,5551,5.12,270.6,5,3.67,5.41,4.88,33.67
ORD100975,Books,Standard,1599,1.37,348.7,1,1.25,3.26,9.2,41.99
ORD100976,Beauty,Standard,4891,4.15,370.2,8,3.06,3.6,3.88,50.38
ORD100977,Fashion,Same-Day,5482,3.05,847.7,5,3.78,2.9,7.27,58.04
ORD100978,Beauty,Same-Day,4605,3.73,439.5,6,1.72,1.99,5.18,36.05
ORD100979,Beauty,Express,948,1.8,264.9,2,3.08,1.01,4.91,36.91
ORD100980,Electronics,Standard,5688,2.81,399.8,3,2.89,6.98,3.96,54.52
ORD100981,Electronics,Express,8081,4.13,510.7,5,2.63,8.4,9.5,60.33
ORD100982,Home & Kitchen,Express,8493,4.99,513.1,8,4.27,6.98,5.91,59.3
ORD100983,Fashion,Express,873,2.43,780.8,2,1.83,7.11,5.27,61.75
ORD100984,Home & Kitchen,Standard,1994,3.98,351.0,2,3.93,2.29,9.45,48.23
ORD100985,Home & Kitchen,Same-Day,1537,2.64,171.7,1,3.77,5.0,5.11,24.71
ORD100986,Books,Same-Day,6103,4.25,891.9,9,3.92,9.17,1.36,61.11
ORD100987,Home & Kitchen,Standard,300,5.61,948.6,1,1.57,7.09,6.08,73.69
ORD100988,Beauty,Same-Day,9455,4.84,188.7,10,2.16,4.08,9.37,33.89
ORD100989,Home & Kitchen,Standard,2567,5.07,246.9,6,2.94,9.17,2.88,52.04
ORD100990,Books,Standard,4114,3.11,624.7,3,3.74,8.8,1.36,53.25
ORD100991,Electronics,Express,7728,4.11,638.2,8,2.23,9.86,2.35,53.49
ORD100992,Home & Kitchen,Standard,5687,2.7,48.1,3,2.84,3.52,2.9,23.13
ORD100993,Electronics,Standard,963,4.0,389.5,4,2.1,6.26,7.01,51.72
ORD100994,Beauty,Same-Day,3367,4.56,430.5,6,1.5,6.27,2.03,25.6
ORD100995,Home & Kitchen,Standard,2869,4.41,705.6,1,1.29,4.66,5.24,67.49
ORD100996,Books,Same-Day,3947,1.7,500.2,1,3.73,7.62,4.81,42.23
ORD100997,Books,Express,2850,3.06,168.9,0,3.74,2.02,5.79,28.1
ORD100998,Electronics,Express,9622,5.69,843.2,9,2.38,5.14,3.72,60.56
ORD100999,Fashion,Same-Day,8354,4.14,477.8,10,4.5,4.23,1.32,40.18
ORD101000,BOOKS,Same-Day,436,2.45,630.3,4,3.83,4.86,2.52,45.81
ORD101001,Books,Same-Day,300,2.27,795.1,1,2.08,3.86,5.33,51.29
ORD101002,Fashion,Express,4978,4.47,56.9,9,2.88,1.49,3.15,18.91
ORD101003,Beauty,Express,1094,2.87,214.6,1,1.39,7.14,2.86,31.41
ORD101004,Home & Kitchen,Same-Day,9018,4.68,772.4,7,2.57,9.88,6.97,64.61
ORD101005,Fashion,Express,2254,1.83,520.8,1,3.15,5.85,1.7,43.33
ORD101006,Home & Kitchen,Same-Day,3554,3.86,856.5,7,5.18,9.78,1.38,60.78
ORD101007,Books,Standard,1492,5.85,439.1,2,3.42,8.0,7.84,54.85
ORD101008,Home & Kitchen,Express,4972,4.3,627.3,6,2.95,8.95,2.61,53.24
ORD101009,Electronics,express,5091,3.55,559.9,4,4.17,2.86,8.9,50.26
ORD101010,Fashion,Express,5006,4.71,715.0,9,4.2,7.22,2.74,58.75
ORD101011,Books,Same-Day,3930,4.22,812.4,4,1.99,7.22,3.61,55.63
ORD101012,Home & Kitchen,Standard,7885,4.19,230.6,5,4.54,3.39,9.1,56.56
ORD101013,Home & Kitchen,Express,4998,4.05,-35,3,0.81,3.69,2.18,39.13
ORD101014,Books,Same-Day,4729,2.99,226.4,4,3.18,6.32,6.65,29.8
ORD101015,Books,Express,4286,3.3,859.5,2,2.35,8.65,4.95,64.26
ORD101016,Home & Kitchen,Standard,3673,4.7,667.6,3,3.43,6.27,4.04,59.06
ORD101017,Electronics,Same-Day,2129,4.1,96.9,4,3.42,4.7,3.48,17.35
ORD101018,Beauty,Same-Day,1230,2.38,924.6,3,1.86,9.68,1.29,61.95
ORD101019,Fashion,Express,4215,3.64,897.8,4,4.18,3.31,7.49,65.35
ORD101020,Beauty,Express,1106,1.57,924.0,2,2.93,3.52,6.94,61.2
ORD101021,Books,Express,5600,4.06,441.3,6,3.57,7.9,7.63,52.82
ORD101022,Beauty,Standard,2763,1.79,23.4,2,3.35,9.9,1.91,34.43
ORD101023,Electronics,Express,6725,4.83,300.5,3,3.81,7.65,7.46,49.34
ORD101024,Fashion,Same-Day,1298,7.27,763.4,2,2.54,4.68,5.83,46.15
ORD101025,Beauty,Same-Day,2001,2.79,611.7,2,2.55,7.26,9.14,52.51
ORD101026,Beauty,Standard,4226,4.65,548.8,6,3.68,6.77,3.84,59.31
ORD101027,Electronics,Express,3778,5.38,265.6,5,1.26,5.56,7.46,43.05
ORD101028,Electronics,Express,8189,4.3,930.9,9,2.98,6.18,1.99,72.4
ORD101029,Books,Same-Day,3994,2.7,303.3,6,3.73,3.53,9.19,43.57
ORD101030,Electronics,Same-Day,8085,3.08,716.0,4,2.51,5.42,9.6,53.02
ORD101031,Fashion,Same-Day,6805,3.01,381.3,6,4.31,4.01,6.98,43.41
ORD101032,Beauty,Express,4071,1.74,746.3,2,1.48,1.6,5.14,56.92
ORD101033,Beauty,Standard,4770,4.59,741.1,9,4.07,9.73,1.89,73.72
ORD101034,Books,Standard,7563,3.96,694.8,9,4.59,2.54,6.61,73.33
ORD101035,Beauty,Same-Day,7152,3.75,858.9,6,4.71,7.92,9.06,62.06
ORD101036,Beauty,Same-Day,7941,2.32,216.6,3,1.87,1.38,6.98,27.53
ORD101037,Fashion,Standard,2068,2.51,465.6,4,3.04,4.22,6.97,53.46
ORD101038,Home & Kitchen,Standard,5477,5.61,387.8,8,3.18,2.85,3.94,53.48
ORD101039,Home & Kitchen,Standard,5027,3.19,946.3,3,2.07,3.64,3.77,67.17
ORD101040,,Express,4748,6.05,654.2,6,4.67,1.38,8.24,69.48
ORD101041,Electronics,Same-Day,3296,1.9,310.0,1,1.7,4.87,3.73,25.0
ORD101042,Beauty,Same-Day,3274,1.75,797.1,3,2.01,2.75,8.15,55.54
ORD101043,Books,Express,6333,3.67,352.2,4,1.76,3.04,2.42,38.4
ORD101044,Electronics,Standard,2467,5.07,883.3,5,1.52,2.68,2.9,64.56
ORD101045,Fashion,Same-Day,3985,2.97,733.2,2,3.55,4.61,4.29,50.85
ORD101046,Books,Express,5718,3.23,284.5,6,1.95,5.89,7.03,38.29
ORD101047,Electronics ,Standard,8332,3.15,365.9,5,4.41,9.56,7.0,62.83
ORD101048,Home & Kitchen,Standard,7389,3.86,391.4,4,1.76,5.24,3.93,49.46
ORD101049,Beauty,Express,6540,4.89,725.5,10,5.04,4.01,7.92,70.24
ORD101050,Electronics,Express,2113,4.91,516.1,1,3.36,8.82,2.23,54.78
ORD101051,Books,Same-Day,763,2.03,216.9,2,3.63,6.77,6.43,34.68
ORD101052,Books,Same-Day,804,2.18,59.8,1,0.95,1.0,9.54,20.85
ORD101053,Beauty,Same-Day,3360,3.52,703.9,1,1.37,2.12,7.55,45.15
ORD101054,Electronics,Same-Day,4247,2.84,869.9,4,2.75,3.47,1.1,45.79
ORD101055,Books,Same day,2988,2.32,845.0,3,3.59,5.22,8.89,59.27
ORD101056,Home & Kitchen,Standard,5568,3.24,460.8,4,2.11,2.98,7.53,61.51
ORD101057,Electronics,Express,2371,4.73,844.3,1,1.26,8.92,9.49,66.02
ORD101058,Books,Express,3446,3.36,78.1,4,3.06,6.33,6.59,37.46
ORD101059,Beauty,Standard,4782,1.96,860.1,3,1.36,7.7,2.98,71.78
ORD101060,Books,Same-Day,4515,4.75,138.5,9,4.29,10.0,3.76,31.26
ORD101061,Fashion,Standard,4345,5.17,680.3,8,3.87,9.22,4.38,71.55
ORD101062,Beauty,Same-Day,2599,2.91,146.2,5,4.37,3.27,1.38,19.3
ORD101063,Electronics,Standard,3017,2.75,182.2,3,1.55,1.28,7.06,39.77
ORD101064,Home & Kitchen,Same-Day,2942,2.99,158.7,3,3.29,5.98,9.32,35.5
ORD101065,Home & Kitchen,Standard,5560,6.03,533.5,6,4.02,9.16,8.68,68.81
ORD101066,Books,Standard,300,3.12,838.7,5,2.56,4.97,2.6,60.44
ORD101067,Beauty,Same-Day,7809,6.17,26.4,9,5.5,1.09,3.51,17.63
ORD101068,Electronics,Express,5039,4.13,916.3,5,1.87,5.25,9.92,75.55
ORD101069,Home & Kitchen,Same-Day,3953,2.29,631.4,2,3.79,7.61,1.85,47.18
ORD101070,Fashion,Standard,7657,5.42,911.6,8,4.09,0.0,8.4,76.91
ORD101071,Fashion,Standard,2363,3.54,875.6,2,2.56,4.87,6.67,68.91
ORD101072,Electronics,Express,3593,5.55,394.2,5,2.05,5.39,2.3,37.57
ORD101073,Electronics,Standard,4477,3.08,790.1,3,3.41,5.85,1.37,56.55
ORD101074,Fashion,Same-Day,6571,3.41,529.4,6,3.24,1.99,7.23,42.85
ORD101075,Home & Kitchen,Express,4393,3.8,707.4,5,2.0,8.83,5.93,60.45
ORD101076,Fashion,Same-Day,6500,5.13,285.5,9,3.26,6.64,3.61,38.63
ORD101077,Electronics,Express,3323,2.6,110.9,2,3.64,4.0,9.82,38.45
ORD101078,Books,Express,2373,2.22,223.6,4,1.41,9.24,5.33,48.13
ORD101079,Books,Express,5507,3.97,915.2,5,3.27,7.2,6.74,68.42
ORD101080,Beauty,Express,5573,3.19,763.8,5,2.78,4.03,7.63,60.08
ORD101081,Beauty,Express,3516,2.83,628.4,5,2.65,6.68,3.17,49.66
ORD101082,Fashion,Express,4217,4.02,837.5,3,2.05,8.77,1.8,61.28
ORD101083,Electronics,Express,10089,4.2,551.1,8,3.97,8.28,8.85,59.33
ORD101084,Electronics,Standard,3953,2.07,796.3,1,1.2,8.78,5.93,62.31
ORD101085,Home & Kitchen,Standard,7464,4.88,427.3,9,3.07,9.02,1.95,52.05
ORD101086,Electronics,Standard,6138,4.26,750.9,4,4.16,2.56,4.67,63.44
ORD101087,Fashion,Express,3672,3.52,893.4,4,1.68,1.81,4.08,56.88
ORD101088,Fashion,Standard,1318,3.52,66.7,2,2.17,8.12,2.04,27.71
ORD101089,Beauty,Express,300,3.36,847.3,2,1.27,2.67,7.79,51.99
ORD101090,Books,Standard,4470,5.12,238.8,9,2.93,8.3,9.82,57.41
ORD101091,Beauty,Same-Day,5014,5.67,196.3,4,2.45,8.05,5.38,26.27
ORD101092,Books,Standard,4520,3.33,643.5,7,4.21,1.5,3.91,67.55
ORD101093,Home & Kitchen,Same-Day,4830,4.41,176.3,2,3.28,1.62,5.22,24.98
ORD101094,Beauty,Same-Day,3832,2.83,534.3,6,4.17,3.32,4.24,44.2
ORD101095,Electronics,Same-Day,3107,3.4,807.1,2,3.56,9.47,4.05,51.82
ORD101096,Books,Express,5784,3.08,703.9,7,1.69,4.53,5.12,49.83
ORD101097,Fashion,Express,5797,3.18,770.1,5,3.99,1.11,4.73,53.35
ORD101098,Books,Express,5064,1.35,824.0,1,3.67,5.74,6.23,55.93
ORD101099,Fashion,Standard,3954,3.39,543.8,4,1.32,8.0,3.82,59.35
ORD101100,Electronics,Express,6133,5.0,230.8,7,4.29,1.87,4.5,42.19
ORD101101,Home & Kitchen,Express,5219,3.17,805.4,5,2.53,6.69,2.24,57.51
ORD101102,Beauty,Express,3926,2.69,80.9,5,3.52,3.56,3.45,23.32
ORD101103,Beauty,Standard,4262,3.05,432.4,3,1.62,2.63,1.18,41.45
ORD101104,Fashion,Express,3086,3.58,770.0,1,3.61,5.49,8.68,63.66
ORD101105,Electronics,Standard,5521,3.6,632.6,3,3.0,3.07,2.34,59.08
ORD101106,Beauty,Express,5102,2.54,279.6,4,3.34,2.09,1.31,31.0
ORD101107, beauty ,Standard,3683,2.64,662.9,6,4.12,6.63,7.12,75.96
ORD101108,Beauty,Standard,6640,4.84,673.1,10,3.08,5.55,6.83,64.21
ORD101109,Books,Same-Day,7972,3.29,250.1,7,3.45,4.44,5.18,30.19
ORD101110,Beauty,Express,5413,4.91,518.4,2,1.31,7.75,8.68,45.92
ORD101111,Books,Standard,1661,2.74,720.4,3,2.51,5.44,1.8,56.23
ORD101112,Books,Express,2960,2.66,517.8,3,2.01,1.32,6.92,45.83
ORD101113,Electronics,Express,3326,2.69,605.6,1,3.19,8.64,5.09,58.99
ORD101114,Electronics,Express,5139,3.26,122.4,2,1.43,2.49,4.35,23.56
ORD101115,Beauty,Standard,4165,2.96,625.3,2,3.06,2.01,6.46,68.61
ORD101116,Home & Kitchen,Same-Day,1931,4.03,374.3,2,2.19,4.07,7.21,40.14
ORD101117,Beauty,Standard,4352,3.49,185.0,6,4.06,9.04,3.84,50.19
ORD101118,Electronics,Express,4309,4.37,374.3,3,4.46,8.52,7.55,47.99
ORD101119,Books,Same-Day,814,2.24,174.6,3,3.64,2.99,4.51,23.55
ORD101120,Fashion,Express,4573,3.62,716.2,7,2.98,4.56,7.56,69.93
ORD101121,Electronics,Standard,3834,4.92,799.0,5,3.87,1.03,9.02,63.0
ORD101122,Fashion,Standard,3240,3.79,448.7,4,1.82,5.03,8.44,52.51
ORD101123,Books,Same-Day,5442,4.22,17.4,10,2.68,5.88,9.03,25.97
ORD101124,Beauty,Express,5649,2.44,269.1,4,1.91,4.83,4.62,35.47
ORD101125,Home & Kitchen,Standard,5770,3.03,121.5,3,1.34,1.71,8.16,36.46
ORD101126,Beauty,Same-Day,2766,3.17,457.5,3,2.32,4.03,2.66,26.3
ORD101127,Electronics,Same-Day,5364,2.81,859.5,5,3.11,5.32,8.51,63.06
ORD101128,Fashion,Standard,4832,2.1,179.7,1,2.03,2.26,3.36,27.65
ORD101129,Books,Same-Day,,3.91,673.6,10,3.88,6.23,5.02,48.6
ORD101130,Books,Express,2523,7.15,498.4,6,2.64,2.43,8.27,51.0
ORD101131,BOOKS,Standard,4535,2.11,625.2,1,3.43,2.17,8.41,61.33
ORD101132,Fashion,Same-Day,4192,2.03,348.4,1,1.46,3.56,5.56,22.99
ORD101133,Books,Express,4410,2.86,355.6,6,4.46,4.16,5.89,45.72
ORD101134,Beauty,Same-Day,5865,2.03,922.1,3,2.91,1.81,2.07,47.09
ORD101135,Fashion,Express,3575,3.84,673.1,3,2.55,8.44,6.48,60.49
ORD101136,Home & Kitchen,Standard,4743,4.76,473.3,6,2.11,7.23,6.16,65.41
ORD101137,Electronics,Standard,1457,1.9,86.6,1,3.48,8.09,2.95,38.38
ORD101138,Books,Express,3130,1.96,580.2,2,2.89,8.69,1.86,50.98
ORD101139,Fashion,Standard,2307,2.75,693.0,5,1.8,1.25,4.34,56.68
ORD101140,Fashion,Express,1569,2.65,225.7,3,3.33,1.98,5.22,32.79
ORD101141,Electronics,Standard,2470,4.31,148.5,1,2.93,9.39,6.4,48.6
ORD101142,Beauty,Express,1716,2.43,240.9,3,2.2,9.68,8.6,39.37
ORD101143,Home & Kitchen,Express,5563,3.25,224.7,4,2.89,2.41,9.69,43.12
ORD101144,Electronics ,Same-Day,4904,4.57,612.1,7,2.4,8.35,8.09,58.05
ORD101145,Books,Same-Day,2692,3.26,441.9,5,4.34,2.08,7.83,39.31
ORD101146,Books,Express,1238,3.43,808.6,6,3.5,6.6,6.44,61.45
ORD101147,Electronics,Same-Day,7096,4.24,234.3,6,2.96,2.11,8.02,29.99
ORD101148,Electronics,Same-Day,3913,2.89,61.2,4,1.43,6.49,6.06,22.58
ORD101149,Fashion,Express,1861,2.2,605.1,2,2.28,3.05,1.13,45.55
ORD101150,Books,Same-Day,6601,2.77,787.8,6,3.57,6.89,7.37,59.15
ORD101151,Fashion,Same-Day,3289,3.33,721.6,8,4.56,6.41,4.62,52.83
ORD101152,Electronics,Express,3624,2.04,462.8,2,2.66,2.23,5.73,43.1
ORD101153,Books,Standard,7436,5.24,467.0,7,3.26,9.68,7.83,58.46
ORD101154,Electronics,Same-Day,3952,3.56,576.9,2,3.82,8.12,9.8,61.92
ORD101155,Fashion,Standard,1552,2.15,868.2,1,1.44,7.0,7.97,72.39
ORD101156,Electronics,Express,6924,5.45,473.6,8,3.76,7.4,6.97,54.83
ORD101157,Fashion,Same-Day,5866,3.43,604.2,4,2.01,0.0,3.45,44.26
ORD101158,Home & Kitchen,Same-Day,3172,4.16,446.1,2,2.32,9.64,3.55,41.55
ORD101159,Electronics,Express,8493,2.12,669.6,2,2.6,9.25,9.01,62.15
ORD101160,Books,Standard,4204,2.12,820.2,2,1.69,7.54,9.31,71.64
ORD101161,,Same-Day,3774,2.74,850.7,4,3.96,4.62,4.7,52.56
ORD101162,Books,Same-Day,2186,3.78,412.5,1,1.79,7.68,2.3,34.35
ORD101163,Home & Kitchen,Standard,3460,3.24,574.2,5,3.88,3.29,9.13,64.88
ORD101164,Home & Kitchen,Same-Day,5343,3.8,705.6,3,2.66,7.5,2.44,48.07
ORD101165,Home & Kitchen,Same-Day,7613,3.91,182.5,7,4.53,9.75,3.67,35.35
ORD101166,Electronics,Express,4729,4.51,613.3,2,2.29,1.04,6.67,55.31
ORD101167,Beauty,Express,5166,3.46,557.4,5,2.47,7.32,2.1,41.92
ORD101168,Fashion,Express,3966,2.68,36.3,1,2.15,3.57,1.99,21.85
ORD101169,Books,Express,3209,4.24,265.0,4,2.01,4.0,1.6,26.44
ORD101170,Electronics,Standard,5808,4.03,56.7,4,1.54,7.47,4.1,34.9
ORD101171,Home & Kitchen,Same-Day,3250,4.04,798.3,2,1.55,3.8,7.86,53.02
ORD101172,Electronics ,Express,2150,4.06,783.9,5,1.53,6.59,3.72,60.5
ORD101173,Fashion,Same-Day,6173,4.62,854.1,6,3.86,8.16,4.67,61.85
ORD101174,Home & Kitchen,Same-Day,1752,4.02,509.7,1,2.74,8.28,2.73,42.11
ORD101175,Books,Standard,6134,3.93,32.6,7,2.13,6.49,6.41,39.34
ORD101176,Beauty,Express,3299,2.47,735.9,3,3.25,9.52,7.02,68.82
ORD101177,Books,Express,3759,2.64,919.1,4,1.66,6.65,7.15,71.04
ORD101178,Fashion,Same-Day,621,4.75,802.6,7,4.37,7.39,8.69,58.33
ORD101179,Books,Same-Day,3800,3.32,580.6,6,2.84,4.95,6.99,44.46
ORD101180,Books,Same-Day,8367,5.06,184.9,10,4.52,9.13,8.52,42.12
ORD101181,Home & Kitchen,Standard,12600,6.39,104.0,9,3.88,3.61,2.68,27.65
ORD101182,Home & Kitchen,Same-Day,6441,4.12,415.5,8,1.99,2.07,9.6,41.58
ORD101183,Books,Express,4350,4.13,177.0,6,2.62,3.95,5.1,31.06
ORD101184,Home & Kitchen,Same-Day,4121,4.41,246.8,2,2.96,9.45,8.5,41.46
ORD101185,Home & Kitchen,Standard,2527,3.61,877.6,4,2.7,7.13,9.46,79.35
ORD101186,Books,Express,2643,3.89,160.8,8,2.62,8.88,7.82,49.27
ORD101187,Electronics,Same-Day,3132,2.93,662.8,5,2.09,2.64,6.22,46.62
ORD101188,Home & Kitchen,Same-Day,7168,5.12,671.6,9,4.06,1.28,3.5,40.44
ORD101189,Electronics,Standard,6968,3.46,751.2,5,4.75,1.37,3.14,57.84
ORD101190,Beauty,Express,2955,3.4,288.3,2,3.63,7.16,2.0,41.23
ORD101191,Fashion,Same-Day,3163,3.32,290.0,2,3.59,9.48,5.94,36.37
ORD101192,Home & Kitchen,Standard,2068,2.17,159.8,1,3.06,3.22,7.7,40.59
ORD101193,Electronics,Same-Day,8087,4.1,783.7,8,3.94,8.7,5.28,58.31
ORD101194,Beauty,Same-Day,5206,4.35,948.8,8,4.59,7.75,2.33,71.98
ORD101195,Electronics,Same-Day,4486,2.47,930.3,1,3.14,5.22,3.75,53.92
ORD101196,Beauty,STANDARD,4975,2.87,878.9,4,2.88,1.45,6.19,73.34
ORD101197,Beauty,Express,3971,3.44,55.7,7,3.47,3.61,8.98,32.68
ORD101198,Books,Same-Day,830,2.57,466.1,3,2.81,6.24,7.71,43.72
ORD101199,Books,Same-Day,1344,2.64,487.6,3,2.67,9.58,3.44,38.27
ORD101200,Books,Standard,2941,2.24,319.3,2,1.29,2.0,6.87,39.03
ORD101201,Electronics,Express,4179,3.65,442.5,7,2.47,1.98,6.45,39.33
ORD101202,Books,Same-Day,1096,4.21,397.7,5,2.06,1.5,3.66,25.06
ORD101203,Fashion,Same-Day,3167,2.42,399.2,5,3.55,4.37,3.37,33.85
ORD101204,Books,Standard,5912,3.92,187.5,7,3.03,6.38,6.89,46.56
ORD101205,Fashion,Standard,3670,3.01,113.3,4,2.18,4.73,1.73,32.91
ORD101206,Electronics,Same-Day,5564,1.73,651.5,1,2.59,4.78,8.2,47.77
ORD101207,Beauty,Express,3704,4.37,669.4,5,2.03,4.28,7.67,57.97
ORD101208,Fashion,Express,6877,3.22,17.6,6,3.84,3.44,8.17,27.82
ORD101209,Fashion,Express,3556,3.06,670.5,5,3.31,5.67,4.93,52.86
ORD101210,Fashion,Same-Day,2003,1.99,261.8,1,1.39,6.0,4.98,28.23
ORD101211,Electronics ,Standard,1571,1.96,128.6,2,0.5,7.49,9.51,42.71
ORD101212,Fashion,Standard,2481,3.38,689.7,6,3.81,5.44,1.27,54.33
ORD101213,Electronics,Express,300,3.21,889.4,2,1.21,9.39,1.03,61.52
ORD101214,Home & Kitchen,Same-Day,5525,5.0,154.7,10,4.26,7.94,8.99,39.96
ORD101215,Fashion,Same-Day,-600,6.01,686.6,7,2.69,3.21,8.48,51.28
ORD101216,Fashion,Standard,2205,2.05,817.5,3,3.45,1.24,3.94,62.86
ORD101217,Fashion,Express,2529,1.77,198.2,1,1.44,2.63,7.36,29.56
ORD101218,Beauty,Same-Day,5551,4.12,874.6,9,4.22,3.9,2.57,51.18
ORD101219,Books,Express,4152,2.77,733.1,5,2.85,3.34,1.51,49.16
ORD101220,Electronics,Express,6054,3.99,595.8,7,2.72,6.33,5.72,58.03
ORD101221,Fashion,Standard,6120,5.88,361.0,7,4.6,1.23,7.47,53.06
ORD101222,Books,Same-Day,2334,1.66,946.2,1,2.01,8.87,3.35,59.9
ORD101223,Beauty,Express,3772,6.73,357.9,7,4.22,6.06,7.33,47.79
ORD101224,Home & Kitchen,Standard,4260,3.25,794.2,1,3.2,9.34,7.08,77.74
ORD101225,Home & Kitchen,Express,5329,3.96,366.1,6,3.99,4.15,9.58,52.92
ORD101226,Fashion,Same-Day,5729,4.23,337.3,7,4.31,6.55,7.02,36.28
ORD101227,Electronics,Standard,7639,3.17,905.3,6,2.15,3.06,4.78,64.76
ORD101228,Electronics,Standard,3516,3.47,847.7,6,4.44,8.71,4.09,78.69
ORD101229,Beauty,Express,4805,2.44,193.8,3,2.13,8.16,9.77,54.95
ORD101230,Books,Same-Day,5391,3.43,840.6,6,3.24,8.13,9.39,60.57
ORD101231,Home & Kitchen,Standard,3501,3.81,310.8,4,2.19,5.08,9.14,49.34
ORD101232,Books,Standard,6571,3.43,725.7,6,2.62,1.54,6.34,62.17
ORD101233,Home & Kitchen,Standard,1201,3.89,654.5,1,1.88,3.81,1.67,51.71
ORD101234,Home & Kitchen,,3117,3.0,707.7,2,1.18,6.58,5.16,65.28
ORD101235,Home & Kitchen,Express,4643,2.87,494.4,3,1.05,2.1,3.35,32.86
ORD101236,Beauty,Standard,3548,4.13,837.7,7,2.02,1.23,1.97,62.33
ORD101237,Electronics,Standard,4329,2.96,467.2,5,3.03,9.96,4.58,65.77
ORD101238,Electronics,Express,4005,3.07,61.9,2,1.94,3.28,7.65,23.37
ORD101239,Home & Kitchen,Same-Day,2346,3.32,798.9,3,2.17,7.21,2.36,49.25
ORD101240,Beauty,Express,3297,2.22,56.5,2,1.81,3.32,3.59,18.32
ORD101241,Beauty,Standard,2543,3.31,602.7,7,3.44,2.67,1.63,53.03
ORD101242,Beauty,Express,5453,6.12,221.4,8,2.98,7.66,5.16,35.77
ORD101243,Books,Same-Day,5677,5.18,60.3,6,2.89,8.47,2.43,20.91
ORD101244,Books,Standard,3197,3.22,661.2,2,0.8,1.09,9.08,61.09
ORD101245,Electronics,Standard,6326,3.49,96.5,2,3.91,2.92,2.86,29.82
ORD101246,Books,Standard,8439,5.09,483.3,10,4.05,3.56,1.38,58.97
ORD101247,Fashion,Standard,4364,2.46,867.2,2,2.71,1.27,9.81,73.71
ORD101248,Electronics,Same-Day,4757,3.64,92.4,4,2.27,5.14,5.79,28.7
ORD101249,Home & Kitchen,Express,6482,3.62,450.9,6,2.16,1.78,6.39,46.07
ORD101250,Beauty,Standard,1622,3.37,107.2,7,4.23,9.08,2.2,38.44
ORD101251,Electronics,Standard,300,2.07,833.2,1,2.17,8.82,3.89,64.94
ORD101252,Fashion,Standard,4951,5.35,40.9,6,1.56,2.42,1.15,25.91
ORD101253,Books,Standard,7414,3.31,861.7,8,3.85,7.05,6.7,83.61
ORD101254,Fashion,Standard,5654,6.07,221.6,10,2.97,5.79,1.63,34.84
ORD101255,Fashion,Standard,6853,3.44,361.5,4,4.16,8.23,1.65,52.95
ORD101256,Home & Kitchen,Standard,4367,5.25,820.2,5,3.59,5.42,9.18,72.1
ORD101257,Beauty,Express,1794,2.57,282.4,3,2.45,4.43,3.67,33.8
ORD101258,Home & Kitchen,Standard,5384,2.97,638.7,4,3.0,5.72,2.58,63.41
ORD101259,Home & Kitchen,Standard,4584,5.86,218.0,3,1.4,9.52,1.0,43.02
ORD101260,Books,Express,10126,4.1,917.5,8,3.22,3.85,3.92,63.09
ORD101261,Fashion,Same-Day,2751,3.25,199.1,1,2.1,2.31,3.08,20.19
ORD101262,Fashion ,Express,4275,3.37,188.2,1,1.42,2.13,3.1,25.79
ORD101263,Electronics,Same-Day,3910,2.72,695.9,2,2.86,6.43,8.64,58.19
ORD101264,Electronics,Same-Day,4866,3.76,637.5,8,1.83,7.91,7.04,44.68
ORD101265,Beauty,Express,5793,3.41,497.2,8,1.94,1.14,8.48,55.9
ORD101266,Home & Kitchen,Standard,4892,5.76,401.3,8,1.91,9.74,3.91,58.05
ORD101267,Electronics,Standard,2405,2.61,783.9,2,3.39,8.82,1.82,60.65
ORD101268,Beauty,Same-Day,1980,1.5,351.0,2,3.2,6.37,8.7,38.41
ORD101269,Electronics,Same-Day,10395,5.04,243.9,9,5.05,6.68,7.06,43.36
ORD101270,Books,Same-Day,6708,5.47,652.0,10,4.46,6.82,3.04,50.2
ORD101271,Home & Kitchen,Same-Day,6813,3.3,246.8,4,2.11,2.64,2.04,27.52
ORD101272,Electronics,Standard,6909,3.59,514.4,6,2.43,2.88,8.43,61.28
ORD101273,Fashion,Same-Day,491,-1.8,612.0,1,1.0,4.4,6.87,47.45
ORD101274,Home & Kitchen,Express,5474,5.59,-240,6,3.11,9.05,1.44,47.84
ORD101275,Home & Kitchen,Same-Day,4073,4.56,68.6,3,2.37,5.88,9.63,
ORD101276,Fashion,Standard,1046,1.62,787.9,2,2.19,5.65,5.14,64.16
ORD101277,Home & Kitchen,Express,5395,3.52,320.7,6,2.21,7.3,4.34,34.24
ORD101278,Home & Kitchen,Standard,8300,5.42,376.5,9,4.01,9.6,1.86,55.78
ORD101279,Electronics,Same-Day,2761,3.78,815.7,3,3.61,2.97,7.77,64.27
ORD101280,Books,Standard,300,3.42,826.5,1,3.53,9.68,7.61,77.02
ORD101281,Beauty,Standard,2211,2.74,692.4,5,4.17,6.73,9.05,71.7
ORD101282,Books,Standard,324,3.39,167.6,3,2.19,8.53,2.58,37.19
ORD101283,Home & Kitchen,Express,6379,4.78,39.0,8,4.09,7.54,1.19,26.7
ORD101284,Fashion,Standard,5937,3.53,541.5,3,1.65,2.21,3.54,53.0
ORD101285,Beauty,Standard,6661,5.07,443.0,8,4.11,7.92,8.04,62.84
ORD101286,Beauty,Standard,854,3.07,668.1,5,3.61,7.78,8.3,71.5
ORD101287,Fashion,Express,300,2.14,67.6,2,2.2,3.55,9.89,29.98
ORD101288,Fashion,Same-Day,4638,3.41,269.2,6,3.87,8.85,9.12,37.41
ORD101289,Electronics,Same-Day,5636,3.08,409.3,1,1.86,1.73,8.39,41.76
ORD101290,Fashion,Standard,4632,4.01,317.1,7,4.64,1.96,1.36,39.82
ORD101291,Books,Standard,300,2.74,783.0,2,1.87,8.12,5.57,70.96
ORD101292,Fashion,Standard,4976,4.63,232.2,9,4.17,1.22,2.11,45.5
ORD101293,Fashion ,Standard,3398,3.33,338.1,2,3.13,3.35,2.83,40.55
ORD101294,Fashion,Express,3100,1.53,508.3,1,1.54,6.36,8.01,45.43
ORD101295,Fashion,Same-Day,4516,3.64,928.9,9,4.12,2.6,9.68,67.65
ORD101296,Electronics,Same-Day,4591,3.57,416.3,5,3.58,4.53,6.74,41.03
ORD101297,Home & Kitchen,Standard,4835,2.76,714.8,2,1.94,9.76,1.78,61.29
ORD101298,Beauty,Standard,2408,2.76,903.8,4,2.88,8.45,9.49,82.71
ORD101299,Electronics,Same-Day,3367,3.56,48.9,2,3.44,6.87,5.19,22.84
ORD101300,Electronics,Express,1736,3.8,428.8,5,3.58,2.6,3.64,45.74
ORD101301,Home & Kitchen,Standard,1486,2.97,229.4,2,1.61,2.8,9.68,44.12
ORD101302,Books,Same-Day,2278,1.59,691.9,1,2.28,1.62,5.76,44.34
ORD101303,Books,Standard,2308,2.59,483.4,4,3.25,4.49,2.86,50.64
ORD101304,Home & Kitchen,Standard,6793,5.1,344.8,7,3.52,2.11,1.09,41.93
ORD101305,Electronics,Standard,5140,2.75,404.4,3,4.04,3.29,5.56,54.81
ORD101306,Fashion,Standard,7510,4.44,549.6,7,4.31,4.41,4.37,53.08
ORD101307,Electronics,Same-Day,7781,5.49,256.0,8,3.72,6.76,4.87,30.29
ORD101308,Electronics,Same-Day,5252,3.2,614.2,1,1.14,1.03,8.39,49.15
ORD101309,Home & Kitchen,Express,5841,3.22,52.6,4,3.16,9.57,1.17,20.39
ORD101310,Electronics,Same-Day,4980,3.6,216.0,5,2.45,1.45,4.44,24.77
ORD101311,Beauty,Express,8804,3.97,497.2,10,4.13,9.89,3.92,59.42
ORD101312,Beauty,Standard,6232,5.47,272.2,10,4.49,4.01,6.99,52.12
ORD101313,Fashion,Same-Day,5003,4.16,53.8,5,3.26,7.55,1.48,19.17
ORD101314,Beauty,Express,5693,6.27,914.3,7,2.98,1.76,3.18,62.79
ORD101315,Home & Kitchen,Express,4390,4.63,239.9,5,2.98,6.55,2.68,37.25
ORD101316,Electronics,Same-Day,4811,2.84,734.1,1,3.71,3.02,2.45,45.05
ORD101317,Beauty,Standard,300,2.54,822.0,3,3.2,8.13,9.28,74.24
ORD101318,Home & Kitchen,Express,5792,4.64,876.3,8,3.58,9.53,4.68,78.31
ORD101319,Home & Kitchen,Same-Day,3071,3.55,785.6,4,1.45,5.34,3.12,55.49
ORD101320,Beauty,Same-Day,7643,3.81,410.5,10,3.59,7.94,5.33,43.72
ORD101321,Books,Standard,3790,3.09,347.6,7,3.28,8.02,8.2,55.49
ORD101322,Electronics,Same-Day,984,3.03,246.2,2,1.66,3.94,3.36,32.85
ORD101323,Electronics,Same-Day,8556,3.65,284.3,4,3.06,7.26,3.82,30.21
ORD101324,Fashion,Express,6380,3.38,218.1,6,3.5,2.86,7.5,41.6
ORD101325,Books,Same-Day,2153,1.92,827.2,3,2.06,8.94,4.24,53.14
ORD101326,Electronics,Standard,6824,3.3,865.3,2,2.11,1.82,3.45,63.03
ORD101327,Fashion,Standard,3900,3.08,386.7,6,2.02,3.91,8.78,61.58
ORD101328,Beauty,Standard,7867,4.97,388.3,10,2.68,6.94,7.05,54.96
ORD101329,Fashion,Standard,6885,4.51,601.1,5,1.14,3.47,5.1,54.19
ORD101330,Fashion,Standard,3674,4.33,807.8,5,2.84,4.4,8.21,72.16
ORD101331,Electronics,Same-Day,8601,5.3,422.8,10,3.64,7.97,1.64,34.9
ORD101332,Beauty,Standard,4894,4.03,813.6,8,1.71,8.26,5.4,68.21
ORD101333,Beauty,Standard,5726,4.09,937.7,9,2.88,5.92,9.67,79.69
ORD101334,Books,Express,1623,2.9,201.7,4,2.69,9.28,4.11,39.46
ORD101335,Beauty,Express,5998,1.78,786.4,2,3.18,1.29,7.99,61.04
ORD101336,Fashion,Express,4021,5.98,366.6,3,1.16,4.19,8.1,52.3
ORD101337,Home & Kitchen,Express,8319,4.42,137.5,5,4.29,2.94,3.78,29.64
ORD101338,Books,Same-Day,6971,,765.0,7,1.89,8.54,3.73,54.75
ORD101339,Books,Same-Day,2389,2.47,861.2,4,3.57,7.8,1.02,52.51
ORD101340,Electronics,Express,3320,2.39,142.4,1,1.4,7.22,9.77,37.26
ORD101341,Electronics,Express,1426,3.07,455.1,1,1.02,1.32,2.44,34.0
ORD101342,Beauty,Standard,3918,1.63,181.4,1,3.83,6.03,2.81,37.6
ORD101343,Home & Kitchen,Standard,2100,3.75,417.6,3,4.25,7.47,1.35,52.68
ORD101344,Electronics,Same-Day,3271,3.84,752.3,7,2.31,1.68,4.14,44.95
ORD101345,Fashion,Same-Day,5303,3.14,901.7,6,1.48,7.22,5.55,64.61
ORD101346,Electronics,Standard,2895,2.67,75.3,3,3.15,4.36,7.59,46.46
ORD101347,Books,Express,2958,2.64,431.2,2,2.95,2.1,9.83,45.47
ORD101348,Beauty,Standard,501,1.81,599.8,2,1.85,8.88,5.09,60.44
ORD101349,Beauty,Standard,3218,1.76,708.9,1,2.77,5.45,8.75,57.22
ORD101350,Fashion,Express,1291,3.45,470.0,4,2.54,4.4,9.89,48.27
ORD101351,Home & Kitchen,Same-Day,5948,3.61,705.7,4,3.07,3.92,9.49,56.04
ORD101352,Beauty,Same-Day,3228,2.12,903.9,3,1.72,1.19,5.06,45.46
ORD101353,Books,Express,4055,3.15,576.4,4,4.13,3.39,7.01,49.93
ORD101354,Home & Kitchen,Standard,7155,2.9,598.9,4,4.18,4.93,2.15,66.75
ORD101355,Books,Express,300,3.68,202.3,1,3.86,9.69,2.29,33.81
ORD101356,Beauty,Standard,3839,3.03,772.4,6,2.18,7.14,4.98,70.5
ORD101357,Electronics,Same-Day,3025,3.23,177.8,1,1.7,4.02,9.65,30.9
ORD101358,Beauty,Express,5280,3.2,392.5,6,2.78,4.56,6.47,42.67
ORD101359,Fashion,Express,1300,1.46,867.6,1,1.76,1.6,3.78,50.64
ORD101360,Electronics,Express,5163,,462.6,7,1.65,3.86,8.83,48.98
ORD101361,Fashion,Same-Day,6134,3.73,458.7,9,4.74,2.26,4.23,33.02
ORD101362,Beauty,Standard,6203,2.66,831.8,4,2.09,9.9,8.88,82.61
ORD101363,Home & Kitchen,Express,2552,4.05,842.5,6,3.21,8.31,1.51,63.35
ORD101364,Books,Express,6244,4.1,871.3,9,2.53,1.37,9.81,71.51
ORD101365,Beauty,Same-Day,5755,4.25,899.2,8,4.22,1.86,9.0,69.12
ORD101366,Beauty,Standard,4594,5.21,31.9,7,4.3,5.79,2.47,35.62
ORD101367,Fashion,EXPRESS,933,3.28,19.8,3,1.59,2.52,3.13,18.11
ORD101368,Home & kitchen,Standard,4109,6.07,572.9,7,3.33,8.01,8.65,67.39
ORD101369,Fashion,Express,1794,3.47,239.3,5,3.18,7.97,6.93,48.2
ORD101370,Beauty,Express,5147,4.65,589.1,7,2.8,8.47,4.57,56.46
ORD101371,Beauty,Same-Day,3592,2.9,46.9,7,3.78,2.07,3.46,19.24
ORD101372,Home & Kitchen,Express,3818,3.5,392.7,4,2.01,1.05,9.8,49.98
ORD101373,Books,Express,2608,2.05,530.4,3,3.36,8.69,8.64,58.19
ORD101374,Beauty,Standard,5015,3.32,204.9,6,3.33,4.31,5.04,43.96
ORD101375,Fashion,Same-Day,3495,5.98,501.4,4,4.08,2.78,5.41,41.63
ORD101376,Books,Standard,2519,3.11,617.0,3,2.77,9.26,6.44,64.72
ORD101377,Beauty,Same-Day,726,1.72,353.2,1,3.22,3.38,8.46,41.5
ORD101378,Electronics,Same-Day,6488,5.23,140.8,9,4.4,8.61,7.66,35.56
ORD101379,Fashion,Standard,7484,3.87,384.0,10,4.63,8.74,3.78,55.65
ORD101380,Books,Same-Day,1731,2.26,694.2,1,3.33,7.44,6.41,48.73
ORD101381,Fashion,Standard,4293,4.39,324.6,5,4.17,6.44,9.06,57.58
ORD101382,Fashion,Express,7537,4.27,452.1,8,2.4,8.22,4.49,52.18
ORD101383,Electronics,Same-Day,7164,4.15,290.7,8,2.14,1.81,4.73,28.45
ORD101384,Home & Kitchen,Express,5870,5.1,592.0,7,1.88,2.31,3.43,52.11
ORD101385,Fashion,Express,6996,4.44,945.3,10,3.83,1.65,8.15,64.39
ORD101386,Books,Express,1658,1.9,591.7,1,0.91,3.39,6.44,46.16
ORD101387,Home & Kitchen,Same-Day,2467,3.57,17.9,4,3.29,3.26,4.35,19.64
ORD101388,Books,Standard,1354,3.06,543.1,4,2.15,1.29,8.71,57.67
ORD101389,Books,Same-Day,5273,3.07,40.5,5,2.24,6.2,5.15,11.37
ORD101390,Fashion,Express,3853,5.51,535.1,3,1.71,5.16,1.63,37.21
ORD101391,Electronics,Standard,8251,4.89,304.0,10,1.53,7.7,8.68,59.64
ORD101392,Electronics,Same-Day,6663,4.87,529.3,9,1.98,8.37,4.24,38.17
ORD101393,Books,Same-Day,3808,4.09,272.7,4,2.81,6.36,1.78,27.93
ORD101394,Home & Kitchen,Standard,3521,4.19,505.3,3,1.72,7.36,7.04,60.69
ORD101395,Fashion,Same-Day,4042,3.1,654.5,4,1.69,6.13,5.05,41.87
ORD101396,Fashion,EXPRESS,9988,4.48,801.0,10,2.6,7.9,4.78,64.75
ORD101397,Fashion,same-day,8525,6.3,717.6,9,3.4,7.14,6.27,55.29
ORD101398,Electronics,Standard,3051,2.73,120.8,2,0.9,2.19,5.36,35.98
ORD101399,Electronics,Same-Day,7944,5.06,920.6,10,4.01,6.16,7.09,68.11
ORD101400,Beauty,Standard,4266,5.32,572.5,7,2.86,3.67,1.99,52.28
ORD101401,Fashion,Express,8044,3.48,449.6,6,3.32,6.37,9.0,51.41
ORD101402,Electronics,Express,3948,3.1,147.2,2,1.72,5.85,5.09,30.6
ORD101403,Electronics,Express,7472,8.26,560.3,9,3.09,8.88,1.6,50.18
ORD101404,Beauty,Standard,3775,1.66,88.8,2,1.26,4.47,1.34,17.85
ORD101405,Beauty,Same-Day ,3814,3.79,77.4,8,4.62,7.23,2.18,26.49
ORD101406,Beauty,Standard,3750,2.77,109.7,6,4.6,6.94,5.21,47.27
ORD101407,Fashion,Same-Day,3761,2.79,644.4,2,1.33,3.33,5.57,40.37
ORD101408,Electronics,Same-Day,6214,4.31,170.9,8,2.82,8.26,4.54,33.19
ORD101409,Beauty,Express,5710,3.6,472.0,2,3.07,4.77,3.74,42.95
ORD101410,FASHION,Same-Day,2430,2.04,831.6,2,3.49,7.47,3.93,58.24
ORD101411,Fashion,Standard,1275,2.36,752.7,2,2.26,7.39,4.69,63.83
ORD101412,Books,Same-Day,5282,6.42,863.6,7,2.52,5.85,6.22,60.19
ORD101413,Home & Kitchen,Same-Day,6429,4.19,796.2,8,2.24,8.89,6.22,59.79
ORD101414,Fashion,Same-Day,3980,3.55,335.9,3,3.18,4.84,9.67,37.42
ORD101415,Beauty,Standard,2365,1.71,325.7,2,1.21,1.37,3.48,25.08
ORD101416,Books,Standard,7865,4.08,553.3,9,2.03,2.38,1.81,51.29
ORD101417,Books,Standard,4219,3.24,754.2,3,1.79,5.16,1.26,59.32
ORD101418,Electronics,Standard,4678,3.43,247.4,4,1.24,4.79,7.99,41.07
ORD101419,Home & Kitchen,Express,4782,4.07,584.8,4,3.03,8.86,3.28,51.23
ORD101420,Fashion,Standard,6628,3.19,855.7,5,3.94,5.02,6.47,71.61
ORD101421,Electronics,Express,4980,4.08,32.0,7,3.15,6.51,6.31,38.36
ORD101422,Fashion,Express,576,4.74,473.7,3,2.66,5.38,1.48,39.5
ORD101423,Beauty,Same-Day,4834,2.96,271.1,5,1.46,6.09,8.44,32.57
ORD101424,Books,Standard,3312,4.13,642.7,6,1.7,7.02,8.35,67.77
ORD101425,Electronics,Express,9707,8.27,758.7,10,4.04,1.05,5.84,57.22
ORD101426,Electronics,Same-Day,5018,2.9,538.5,2,1.4,6.53,5.53,48.38
ORD101427,Beauty,Express,2706,6.61,525.6,8,3.16,5.5,2.7,51.02
ORD101428,Books,Standard,2551,1.96,802.3,3,1.45,3.37,8.78,76.05
ORD101429,Books,Same-Day,1867,6.67,171.6,5,1.54,2.17,2.16,22.51
ORD101430,Electronics,Express,4357,2.42,878.0,1,1.95,6.95,3.93,54.15
ORD101431,Fashion,Same-Day,6144,3.51,92.9,7,3.97,6.87,7.35,25.56
ORD101432,Beauty,Standard,5543,3.8,554.6,9,3.47,9.44,7.43,74.77
ORD101433, beauty ,Express,2232,2.67,705.6,4,2.99,6.38,8.94,60.1
ORD101434,Home & Kitchen,Same-Day,3360,4.47,230.7,6,3.46,6.29,1.46,33.79
ORD101435,Electronics,Same-Day,7491,4.91,672.7,7,3.18,3.13,5.07,50.7
ORD101436,Beauty,Standard,3843,2.14,155.9,4,1.27,3.97,6.14,30.48
ORD101437,Fashion,Standard,5801,4.76,694.8,9,4.28,3.89,6.45,71.59
ORD101438,Home & Kitchen,Same-Day,7671,4.1,838.6,8,2.79,6.49,7.38,62.07
ORD101439,Electronics,Express,4023,2.17,157.5,3,1.72,7.5,4.58,29.88
ORD101440,Books,Standard,5849,4.15,438.7,7,2.19,9.46,3.79,56.82
ORD101441,Beauty,Same-Day,460,2.86,339.7,3,1.38,1.75,6.52,33.74
ORD101442,Beauty,Standard,2461,4.62,573.9,3,3.69,5.39,4.84,57.38
ORD101443,Books,Standard,2399,3.41,135.0,8,3.91,4.81,8.27,49.66
ORD101444,Beauty,Same-Day,5128,1.99,150.1,3,2.65,5.69,1.35,19.79
ORD101445,Home & Kitchen,Same-Day,4326,4.09,411.0,4,2.08,9.5,1.03,32.76
ORD101446,Home & Kitchen,Same-Day,7966,4.11,726.6,5,3.15,7.59,6.95,52.79
ORD101447,Books,Same-Day,2706,1.87,707.6,2,3.82,3.1,1.3,41.94
ORD101448,Beauty,EXPRESS,5903,3.64,214.9,7,2.64,8.77,5.14,38.45
ORD101449,Books,Express,5188,2.43,263.2,2,3.77,5.63,4.73,33.31
ORD101450,Home & Kitchen,Same-Day,4493,3.26,456.9,3,2.12,6.61,7.53,47.45
ORD101451,Beauty,Same-Day,300,3.63,151.2,2,1.76,6.8,2.01,14.58
ORD101452,Fashion,Same-Day,1633,2.78,459.2,3,2.14,6.05,1.68,30.72
ORD101453,Fashion,same-day,2287,2.67,412.7,1,1.48,2.6,1.51,21.8
ORD101454,Books,Express,1266,2.58,375.8,1,1.87,2.08,4.59,38.01
ORD101455,Home & Kitchen,Express,7173,5.2,536.8,7,3.73,5.01,4.12,52.41
ORD101456,Fashion,Same-Day,3920,1.78,405.3,2,2.53,7.42,9.24,40.82
ORD101457,Books,Express,5392,3.55,854.3,7,3.33,1.16,3.73,53.56
ORD101458,Books,Standard,4469,3.85,619.2,10,3.43,6.86,2.46,64.87
ORD101459,Home & Kitchen,Standard,7411,3.47,851.8,4,2.04,1.73,6.87,67.86
ORD101460,Beauty,Standard,7596,4.54,923.5,7,3.89,8.0,9.99,82.75
ORD101461,Electronics,Express,8753,2.86,368.7,3,2.79,5.71,3.25,39.68
ORD101462,Home & Kitchen,Express,4159,3.35,467.2,4,2.67,3.48,2.71,43.65
ORD101463,Beauty,Express,912,2.79,579.3,4,2.95,1.15,6.2,44.38
ORD101464,Fashion,Express,8061,4.57,247.9,10,1.77,9.74,7.74,50.55
ORD101465,Books,Same-Day,2660,3.12,509.1,4,3.71,3.39,4.84,38.14
ORD101466,Electronics,Standard,2007,2.78,664.2,1,3.76,4.92,6.6,65.42
ORD101467,Beauty,Standard,2140,1.9,639.5,2,3.37,8.1,5.52,62.78
ORD101468,Books,Same-Day,4789,3.21,659.0,7,4.14,4.46,4.8,58.63
ORD101469,Electronics,Same-Day,3799,2.72,504.5,1,4.23,3.44,6.19,39.48
ORD101470,Fashion,Standard,5162,4.66,492.1,8,4.4,6.23,3.21,60.32
ORD101471,Beauty,Same-Day,300,2.09,829.3,2,1.75,6.11,8.96,64.68
ORD101472,Fashion,Same-Day,4750,3.51,729.1,7,1.71,4.25,7.12,58.2
ORD101473,Beauty,Standard,2175,2.03,490.1,2,2.79,5.29,3.97,51.42
ORD101474,Fashion,Same-Day,3672,1.68,608.2,1,4.24,9.4,1.13,46.8
ORD101475,Books,Standard,2134,2.67,231.3,5,1.89,5.37,2.95,39.03
ORD101476,Beauty,Same-Day,4000,2.9,484.4,4,1.69,5.15,7.56,45.32
ORD101477,Books,Standard,1838,5.26,286.6,5,2.57,1.35,2.05,35.49
ORD101478,Beauty,same-day,5992,1.49,85.7,2,2.02,7.93,1.06,7.61
ORD101479,Beauty,Standard,4652,3.85,491.5,6,2.26,5.61,4.98,59.69
ORD101480,Electronics,Express,6597,6.68,52.9,3,1.93,7.74,9.86,35.21
ORD101481,Home & Kitchen,Same-Day,4583,3.02,161.0,2,2.46,6.24,1.37,16.37
ORD101482,Beauty,Same-Day,3146,1.35,246.6,1,2.04,7.67,8.22,35.02
ORD101483,Fashion,Express,7229,5.04,643.5,9,3.87,7.63,3.28,57.83
ORD101484,Books,,2247,4.05,63.6,5,3.86,2.57,4.78,39.73
ORD101485,Electronics,Express,4668,2.98,714.0,5,3.96,8.2,6.51,60.27
ORD101486,Fashion,Express,5696,3.28,522.2,7,3.39,4.23,3.96,48.15
ORD101487,Books,Express,2704,5.0,371.4,9,3.07,5.25,5.16,51.0
ORD101488,Beauty,Standard,5700,4.94,585.6,9,3.13,1.53,9.33,64.4
ORD101489,Books,Standard,3879,4.61,258.1,7,3.79,5.14,7.23,47.45
ORD101490,Electronics,Standard,6399,3.96,135.6,7,3.01,5.83,1.7,31.06
ORD101491,Home & Kitchen,Express,5735,5.28,225.9,4,2.67,3.53,7.22,41.31
ORD101492,Fashion,Same-Day,8636,4.2,648.9,9,4.51,3.0,1.21,47.65
ORD101493,Beauty,Standard,2380,2.55,698.1,4,1.57,6.51,6.44,62.59
ORD101494,Beauty,Same-Day,4122,4.55,329.2,7,3.02,1.84,6.79,34.96
ORD101495,Electronics,Express,6469,2.39,17.4,3,3.87,8.4,5.43,27.51
ORD101496,Electronics,Same-Day,3860,2.26,102.3,2,2.8,7.31,7.28,31.58
ORD101497,Books,Standard,5499,3.85,848.3,4,1.5,8.08,3.36,76.4
ORD101498,Fashion,Standard,1308,4.46,712.5,9,5.31,1.78,5.66,71.23
ORD101499,Books,Express,6211,4.9,197.6,4,2.02,4.36,3.32,31.43
ORD101500,Beauty,Express,4354,1.96,651.2,3,3.93,2.64,2.48,44.14
ORD101501,Electronics,Standard,4724,4.06,865.3,1,2.36,5.35,3.63,70.27
ORD101502,Home & Kitchen,Standard,5857,5.44,274.1,9,3.89,1.89,6.19,49.52
ORD101503,Books,Standard,3103,2.58,904.7,5,3.99,6.06,6.0,73.21
ORD101504,Books,Standard,4114,2.08,455.0,1,2.42,5.64,7.87,58.52
ORD101505,Beauty,same-day,5767,2.85,180.9,7,4.07,7.03,8.16,31.04
ORD101506,Fashion,Express,5933,3.67,605.6,2,3.5,8.7,6.42,53.3
ORD101507,Fashion,Same-Day,4038,3.5,770.3,5,4.34,6.36,2.97,54.14
ORD101508,Home & Kitchen,Standard,2219,3.27,445.9,2,1.19,1.32,7.5,47.63
ORD101509,Books,Express,2106,3.04,780.0,3,1.48,9.43,1.54,54.88
ORD101510,Electronics,Express ,3447,4.34,507.3,5,1.19,3.27,5.27,44.42
ORD101511,Beauty,Standard,6645,3.36,795.9,5,4.03,6.68,5.1,74.15
ORD101512,Books,Same-Day,3476,4.34,62.0,6,1.77,7.66,6.39,19.67
ORD101513,Home & Kitchen,Same-Day,1669,2.35,940.9,2,3.78,2.62,7.55,62.04
ORD101514,Books,Standard,4966,3.05,457.7,3,2.67,2.16,9.54,52.35
ORD101515,Books,Standard,4690,6.12,878.8,6,2.16,3.75,8.42,69.84
ORD101516,Home & Kitchen,Standard,6739,4.46,42.4,9,3.27,8.28,3.81,39.27
ORD101517,Books,Same-Day,300,2.08,316.7,2,2.39,9.13,2.92,34.2
ORD101518,Beauty,express,5655,4.83,23.7,10,3.72,5.33,2.28,28.44
ORD101519,Electronics,Same day,3130,2.68,932.5,3,2.97,8.23,3.27,51.98
ORD101520,Beauty,Same-Day,4104,2.94,112.4,6,2.49,5.3,2.45,26.52
ORD101521, electronics,Standard,5832,3.02,453.8,4,3.85,6.79,9.74,65.75
ORD101522,Electronics,Express,5426,3.16,353.7,5,2.16,3.04,7.01,36.49
ORD101523,Books,Express,3824,6.41,660.9,5,1.89,4.01,8.94,58.63
ORD101524,Beauty,Same-Day,2123,2.83,405.9,3,3.74,5.08,8.45,42.0
ORD101525,Electronics,Express,3987,2.01,259.5,2,1.52,4.1,14.0,28.72
ORD101526,Books,Standard,4038,40.7,247.3,5,3.95,8.5,9.64,51.23
ORD101527,Electronics,Standard,5642,4.16,776.9,6,1.71,9.46,9.47,77.24
ORD101528,Electronics,Express,3172,4.29,71.2,4,2.47,2.66,3.02,23.61
ORD101529,Electronics,Express,3855,4.98,131.9,1,0.98,6.26,4.44,31.03
ORD101530,Fashion ,Standard,840,1.8,863.4,1,2.4,2.84,9.6,76.54
ORD101531,Fashion,Same-Day,636,2.65,386.1,1,0.99,1.88,4.53,20.2
ORD101532,Home & Kitchen,Standard,4571,5.73,483.7,6,3.27,8.43,7.9,65.03
ORD101533,Home & Kitchen,Standard,9317,4.54,100.8,9,4.39,5.71,9.04,52.38
ORD101534,Home & Kitchen,Express,4259,4.0,787.8,6,3.51,9.44,5.49,65.72
ORD101535,Books,Express,833,2.61,537.2,4,1.07,6.94,6.85,45.56
ORD101536,Home & Kitchen,Express,5241,4.18,558.9,6,3.15,9.22,7.69,59.65
ORD101537,Electronics,Express,1949,4.5,461.9,3,2.59,8.81,5.65,55.45
ORD101538,Electronics,Express,4946,3.07,262.5,2,2.96,6.23,9.6,41.63
ORD101539,Electronics,Same-Day,6154,4.03,858.6,8,2.33,4.19,6.98,57.58
ORD101540,Beauty,Same-Day,1340,1.92,176.8,2,1.28,9.63,8.03,27.89
ORD101541,Electronics,Standard,2659,2.72,823.0,1,3.29,1.26,8.43,63.52
ORD101542,Books,Standard,2830,2.64,614.1,4,1.19,8.38,3.36,56.38
ORD101543,Electronics,Express,7502,5.26,664.0,10,3.41,1.07,6.22,57.06
ORD101544,Home & Kitchen,Express,5689,3.12,379.2,4,3.89,3.1,9.37,41.98
ORD101545,Home & Kitchen,Same-Day,4808,5.11,419.3,5,3.62,2.49,9.63,48.96
ORD101546,Books,Same-Day,6280,4.35,496.2,8,2.71,6.89,2.64,45.06
ORD101547,Beauty,Same-Day,4123,2.9,477.1,7,2.48,6.39,7.55,40.47
ORD101548,Fashion,Standard,6990,3.69,768.3,6,3.98,7.52,9.12,83.47
ORD101549,Electronics,Same-Day,7219,4.11,882.4,5,2.34,8.83,5.25,63.02
ORD101550,Home & Kitchen,Same-Day,6179,3.17,813.8,4,1.68,3.61,9.81,57.13
ORD101551,Books,Same-Day,4122,3.67,789.8,7,4.1,5.74,5.09,55.77
ORD101552,Beauty,Express,6412,5.31,721.3,8,4.31,6.21,7.59,66.63
ORD101553,Electronics,Express,7639,5.05,491.1,10,2.94,7.83,1.19,52.41
ORD101554,Books,Express,6489,6.47,392.4,9,4.56,7.52,2.21,44.66
ORD101555,Home & Kitchen,Standard,2909,3.69,582.5,6,2.62,6.57,7.26,66.71
ORD101556,Home & Kitchen,Same-Day,3286,3.95,898.2,2,3.47,1.63,5.89,52.93
ORD101557,Fashion,Standard,6003,3.28,706.2,4,3.25,5.36,4.77,59.66
ORD101558,Beauty,Standard,4709,4.54,567.0,6,2.05,2.88,1.33,58.29
ORD101559,Books,Standard,300,1.73,81.0,2,1.27,2.49,5.84,35.84
ORD101560,Home & Kitchen,Same-Day,8233,4.13,107.4,7,4.67,9.45,7.59,37.77
ORD101561,Books,Standard,4666,4.74,525.8,7,2.3,8.17,9.67,68.7
ORD101562,Fashion,Express,5789,3.76,115.4,5,1.75,3.03,2.34,23.3
ORD101563,Fashion,Same-Day,1843,1.67,181.4,1,1.61,2.86,6.71,17.82
ORD101564,Electronics,Same-Day,9295,5.28,176.7,10,3.07,4.13,6.45,33.69
ORD101565,Beauty,Standard,2502,4.64,161.6,2,2.54,8.55,5.95,44.68
ORD101566,Fashion,Same-Day,7746,5.15,947.3,9,4.52,6.51,3.76,64.18
ORD101567,Books,Standard,3990,3.14,120.6,3,2.74,9.69,5.45,47.26
ORD101568,Home & Kitchen,Express,3821,3.43,246.5,4,3.14,8.72,1.39,39.61
ORD101569,Fashion,Same-Day,1277,2.24,160.3,1,2.24,9.1,9.17,28.85
ORD101570,Beauty,Standard,3926,2.75,756.8,3,1.92,1.83,2.96,52.2
ORD101571,Books,Same-Day,7786,4.37,907.8,7,2.6,2.19,4.71,63.42
ORD101572,Books,Express,4039,4.92,499.3,8,4.13,5.07,4.58,52.33
ORD101573,Books,Express,5100,2.57,288.0,5,1.82,2.6,10.0,44.66
ORD101574,Books,Same-Day,1867,2.95,826.7,2,1.66,3.61,1.65,43.87
ORD101575,Electronics,Express,1857,2.38,635.7,3,3.24,5.93,9.16,61.53
ORD101576,Home & Kitchen,Standard,5750,5.1,151.3,8,2.72,2.59,5.63,50.78
ORD101577,Home & Kitchen,Standard,6903,5.06,785.7,7,3.0,3.34,8.79,76.38
ORD101578,Electronics,Express,5843,3.36,666.0,3,3.21,2.98,3.71,52.15
ORD101579,Fashion,Express,5858,4.72,260.0,10,3.53,2.04,5.34,42.71
ORD101580,Beauty,Same-Day,2512,3.0,948.4,3,0.83,4.63,3.54,57.09
ORD101581,Books,Standard,5526,3.99,245.3,6,2.44,4.7,5.77,41.82
ORD101582,Electronics,Same-Day,3812,4.57,297.1,3,1.48,6.96,5.88,32.56
ORD101583,Electronics,Same-Day,3301,3.46,22.4,1,3.15,7.27,6.42,27.87
ORD101584,Beauty,Standard,3936,2.96,890.4,6,2.47,6.24,3.7,76.27
ORD101585,Books,express,3903,1.92,725.0,2,4.15,5.04,9.48,64.85
ORD101586,Beauty,Same-Day,300,2.02,121.1,1,0.74,7.33,5.75,28.8
ORD101587,Fashion,Standard,5006,2.76,328.9,6,2.59,8.65,6.71,49.16
ORD101588,Electronics,Standard,5743,4.24,627.0,10,4.49,8.68,7.31,66.97
ORD101589,Fashion,Same-Day,7891,4.51,827.8,8,4.09,8.34,2.54,55.32
ORD101590,Electronics,Express,4886,2.62,810.1,3,1.53,1.11,8.02,57.91
ORD101591,Books,same-day,3277,5.08,205.3,6,3.6,2.41,1.9,17.8
ORD101592,Beauty,Express,3882,3.13,763.2,6,2.02,5.39,3.05,55.21
ORD101593,,Same-Day,1164,5.29,657.4,1,2.96,3.47,9.96,52.38
ORD101594, electronics,Same-Day,2251,2.29,945.7,3,1.11,2.54,5.58,56.01
ORD101595,Fashion,Same-Day,3074,2.07,352.0,1,3.47,8.4,7.23,33.44
ORD101596,Beauty,express,4855,2.67,273.7,5,2.03,6.29,5.1,34.39
ORD101597,Home & Kitchen,Express,4643,2.89,404.6,3,2.97,8.12,7.14,46.87
ORD101598,Home & Kitchen,Same-Day,5968,4.08,455.0,8,3.2,7.41,2.38,43.63
ORD101599,Beauty,Standard,1029,2.61,674.8,1,1.79,8.49,4.28,63.01
ORD101600,Fashion,Standard,5600,2.92,674.5,4,2.99,6.89,7.38,72.69
ORD101601,Home & Kitchen,Standard,8292,4.67,253.6,9,3.25,6.62,4.62,46.85
ORD101602,Home & Kitchen,Express,4374,3.69,579.0,2,1.1,5.42,9.98,55.21
ORD101603,Books,Same-Day,3109,2.3,772.8,4,2.25,6.18,5.48,48.94
ORD101604,Home & Kitchen,Express,2314,2.34,652.2,2,3.41,2.3,5.88,54.11
ORD101605,Books,Express,4094,1.58,380.0,1,2.73,3.44,5.03,33.63
ORD101606,Fashion,Standard,3452,3.12,555.0,1,3.32,1.66,6.86,51.79
ORD101607,Home & Kitchen,Express,1171,6.15,800.2,1,3.1,6.3,7.16,64.5
ORD101608,Books,Express,2785,3.1,792.1,4,1.51,3.09,6.44,62.14
ORD101609,Home & Kitchen,Same-Day,5171,6.13,836.2,2,2.76,4.31,3.35,54.61
ORD101610,Books,Express,1673,1.81,504.7,1,1.58,3.55,8.87,51.95
ORD101611,Home & Kitchen,Same-Day,469,2.37,925.0,2,2.21,2.32,7.76,57.72
ORD101612,Beauty,Express,300,3.18,224.8,2,3.2,1.45,7.35,34.12
ORD101613,Electronics,Standard,5344,3.98,133.0,4,2.91,6.11,3.65,38.72
ORD101614,Home & Kitchen,Standard,6759,5.82,853.0,6,3.72,6.93,9.86,80.77
ORD101615,Fashion,Standard,4143,2.41,740.0,3,3.83,1.48,9.26,70.16
ORD101616,Home & Kitchen,Same-Day,3475,2.54,208.8,1,1.02,5.11,5.24,23.27
ORD101617,Beauty,Express,5339,2.29,172.0,4,4.26,6.97,8.14,44.28
ORD101618,Home & Kitchen,Standard,2672,3.67,697.7,1,3.33,8.59,9.25,72.83
ORD101619,Home & Kitchen,Same-Day,6997,4.32,836.1,6,2.91,5.11,7.92,65.07
ORD101620,Books,Standard,4978,5.51,739.4,8,3.58,9.7,7.38,71.66
ORD101621,Books,Same-Day,300,3.47,167.7,6,4.23,1.59,9.07,29.9
ORD101622,Books,Same-Day,2344,2.26,540.5,1,2.64,4.05,2.07,35.99
ORD101623,Fashion,Express,6403,5.06,769.6,7,2.75,1.75,1.87,59.29
ORD101624,Books,Standard,1081,27.6,638.9,2,1.73,9.67,7.63,65.04
ORD101625,Books,Express,442,2.82,846.2,2,3.04,5.78,6.27,65.27
ORD101626,FASHION,Express,4409,3.16,236.1,6,2.41,6.46,9.32,37.52
ORD101627,Fashion,Express,3612,3.03,563.4,4,2.41,6.62,2.35,43.58
ORD101628,Books,Same-Day,6079,4.4,538.9,7,2.37,9.54,3.33,48.29
ORD101629,Fashion,Express,1675,7.18,890.6,4,4.03,6.68,1.03,62.74
ORD101630,Books,Same-Day,1083,2.36,452.1,1,2.41,9.5,1.02,35.02
ORD101631,Home & Kitchen,Standard,3786,4.47,405.1,1,0.78,8.8,2.52,48.24
ORD101632,Electronics,Standard,5642,3.8,628.6,4,3.74,3.27,8.7,66.54
ORD101633,Beauty,Standard,3309,3.26,278.2,5,3.64,1.5,1.17,41.32
ORD101634,Electronics,Same-Day,3702,3.73,150.6,4,3.38,9.71,3.31,36.92
ORD101635,Beauty,Same-Day,2251,5.31,161.7,3,1.56,2.07,1.84,20.09
ORD101636,Fashion,Standard,19700,3.57,432.7,1,1.59,2.24,1.79,42.4
ORD101637,Electronics,Same-Day,5792,4.15,327.3,9,2.13,9.67,6.49,45.29
ORD101638,Books,Same-Day,3971,3.14,564.5,2,1.37,1.1,8.74,43.31
ORD101639,Beauty,same-day,2476,1.4,305.4,1,1.19,9.37,1.87,27.29
ORD101640,Home & Kitchen,Same-Day,6471,4.71,166.9,5,3.85,3.96,1.38,19.92
ORD101641,Home & Kitchen,Standard,8646,5.0,277.7,10,2.22,2.25,8.67,51.91
ORD101642,Fashion,Standard,7289,4.5,18.9,9,4.34,1.8,3.49,34.04
ORD101643,Home & Kitchen,Standard,1767,3.2,666.1,4,1.35,3.37,5.68,50.69
ORD101644,Electronics,Same-Day,5111,2.92,96.0,1,1.05,2.28,2.64,9.64
ORD101645,Beauty,Standard,4099,3.6,523.0,5,-0.9,9.86,6.27,68.72
ORD101646,Electronics,Express,4467,2.69,111.9,4,4.0,6.71,8.24,40.11
ORD101647,Beauty,Standard,4043,4.41,191.8,7,4.47,3.01,9.63,50.19
ORD101648,Fashion,Same-Day,2544,2.3,767.1,1,3.35,3.86,1.94,52.08
ORD101649,Home & Kitchen,Standard,4175,4.09,532.9,2,0.92,1.22,3.5,50.74
ORD101650,Books,Same-Day,3686,2.77,568.9,5,4.23,2.55,6.32,51.2
ORD101651,Fashion,standard ,3274,2.02,501.6,1,1.69,8.37,9.32,57.09
ORD101652,Electronics,Standard,7367,4.53,38.5,5,3.35,4.3,3.11,34.69
ORD101653,Electronics,Same-Day,3334,3.24,77.6,5,2.79,8.94,4.12,25.1
ORD101654,Electronics ,Same-Day,6258,4.52,78.6,3,3.08,7.55,7.66,32.11
ORD101655,Books,Express,3716,6.04,899.9,6,2.68,4.56,2.29,61.98
ORD101656,Books,Standard,6076,4.87,507.0,5,1.67,5.39,3.75,54.4
ORD101657,Home & Kitchen,Same-Day,6021,4.1,703.9,6,1.79,5.19,5.34,47.4
ORD101658,Books,Standard,1946,2.0,94.9,3,3.85,2.92,2.7,29.68
ORD101659,Electronics,Same-Day,6630,4.21,754.2,8,2.22,1.84,2.71,39.33
ORD101660,Electronics,Express,4293,3.11,507.7,2,2.52,3.14,6.77,47.58
ORD101661,Beauty,Standard,2980,3.25,825.9,7,2.49,8.83,7.02,79.37
ORD101662,Home & Kitchen,Same-Day,5892,6.76,628.6,7,3.95,8.08,3.96,53.08
ORD101663,Books,Express,3447,3.16,677.0,6,2.39,3.97,7.7,58.64
ORD101664,Beauty,Express,6639,2.84,351.9,7,3.83,6.75,4.65,46.66
ORD101665,Beauty,Standard,5104,3.81,94.1,9,2.56,6.53,8.8,44.63
ORD101666,Beauty,Standard,6301,3.54,226.9,5,2.83,7.47,8.36,49.08
ORD101667,Electronics,Standard,891,3.63,339.4,3,4.13,9.61,4.39,50.41
ORD101668,Fashion,Standard,2761,4.49,717.4,7,2.55,7.49,1.23,58.03
ORD101669,Beauty,Express,4220,4.43,544.2,8,2.72,5.84,6.74,59.95
ORD101670,Beauty,Express,300,1.9,252.4,2,2.75,2.96,8.31,44.4
ORD101671,Electronics,Express,300,1.88,632.6,1,2.0,8.97,1.24,46.18
ORD101672,Home & Kitchen,Standard,2791,4.52,353.6,4,3.42,5.04,9.7,62.61
ORD101673,Electronics,Express,3508,2.25,663.7,3,3.53,1.4,7.32,52.04
ORD101674,Books,Standard,2885,4.18,191.0,9,2.37,2.54,5.82,40.23
ORD101675,Fashion ,Same-Day,1950,1.63,150.1,1,3.0,3.64,5.57,25.04
ORD101676,Home & Kitchen,Express,4885,3.33,546.4,4,2.44,7.61,5.83,54.17
ORD101677,Books,Standard,4659,3.6,113.9,7,3.99,8.34,2.43,36.15
ORD101678,Beauty,Standard,478,1.77,57.4,2,1.08,8.1,5.35,32.18
ORD101679,Books,Express,888,4.71,460.3,1,3.44,6.3,4.59,45.41
ORD101680,Home & Kitchen,Standard,3638,4.52,311.2,1,0.81,8.99,9.11,54.5
ORD101681,Beauty,Express,1475,5.61,472.8,4,2.65,4.11,1.21,43.57
ORD101682,Books,Same-Day,300,1.65,291.4,2,3.24,4.53,6.2,31.39
ORD101683,Books,Same-Day,4263,2.62,289.9,3,0.99,3.1,8.09,36.75
ORD101684,Fashion,Same-Day,4638,3.1,747.0,1,2.94,7.06,6.87,56.65
ORD101685,Fashion,Same-Day,5969,3.31,58.4,3,3.17,2.39,8.32,24.55
ORD101686,Books,Standard,3564,6.05,260.7,3,2.66,1.98,5.39,43.25
ORD101687,Beauty,Express,6292,2.83,923.8,6,1.78,8.82,9.86,76.66
ORD101688,Books,Express,5173,2.27,617.7,3,2.7,8.58,3.13,46.99
ORD101689,Home & Kitchen,Standard,3115,4.29,691.7,1,2.31,2.82,5.27,61.02
ORD101690,Fashion,Same-Day,1428,1.84,459.5,2,2.43,5.71,4.09,35.05
ORD101691,Electronics,Standard,6909,3.27,109.1,5,4.38,2.14,8.48,39.4
ORD101692,Books,Same-Day,8198,3.47,117.8,7,2.73,4.9,3.78,26.4
ORD101693,Fashion,Standard,4039,4.21,92.5,7,2.45,6.53,8.6,49.83
ORD101694,Home & Kitchen,Standard,9925,8.01,712.9,10,4.61,4.96,7.34,78.28
ORD101695,Electronics,Standard,3066,3.4,77.4,3,1.69,3.35,4.39,35.21
ORD101696,Books,Same-Day,1151,4.19,349.2,5,2.84,2.82,2.15,29.11
ORD101697,Beauty,Standard,1605,1.71,334.6,1,1.24,6.89,2.38,40.07
ORD101698,Fashion ,Same-Day,3622,3.79,792.7,6,2.11,1.38,2.44,43.73
ORD101699,Beauty,Express,3630,3.06,56.7,2,2.82,1.35,2.01,19.82
ORD101700,Fashion,Standard,6291,4.82,684.5,8,4.11,4.4,9.26,70.55
ORD101701,Electronics,Express,8611,5.81,747.7,9,3.35,6.58,2.42,57.5
ORD101702,Electronics,,1558,2.9,512.6,5,2.79,2.7,2.38,44.2
ORD101703,Books,Same-Day,1878,3.45,915.7,6,2.96,9.27,7.51,60.87
ORD101704,Fashion,Same-Day,4602,4.87,750.7,5,3.17,2.76,8.66,52.58
ORD101705,Books,Standard,3038,4.86,923.6,1,2.27,4.25,4.46,72.12
ORD101706,Fashion,Express,6695,3.84,129.0,4,3.31,6.07,7.78,40.11
ORD101707,Beauty,Standard,7343,4.15,590.2,7,3.18,1.87,7.01,59.57
ORD101708,Electronics,Standard,7336,4.81,255.1,8,5.04,3.03,2.74,48.1
ORD101709,Home & Kitchen,Standard,4096,3.82,125.6,4,1.44,5.29,7.89,37.07
ORD101710,Home & Kitchen,Same-Day,5758,3.89,642.4,4,4.03,6.56,9.66,54.22
ORD101711,Home & Kitchen,Standard,5260,3.13,51.6,2,1.84,2.04,6.34,33.0
ORD101712,Electronics,Standard,3735,4.28,532.4,6,2.18,6.42,6.68,52.85
ORD101713,Electronics,Standard,3344,2.84,66.2,4,1.04,7.43,3.48,36.76
ORD101714,Beauty,Standard,1592,2.18,132.6,2,1.74,5.21,2.71,27.97
ORD101715,Books,Standard,6551,5.46,379.4,10,3.3,7.78,3.9,63.38
ORD101716,Books,Express,2656,3.33,853.9,3,3.58,9.29,7.02,69.07
ORD101717,Books,Same-Day,3079,3.45,428.7,3,3.0,4.88,8.57,44.52
ORD101718,Books,Same-Day,3099,4.43,632.2,8,3.87,8.12,5.93,53.57
ORD101719,Home & Kitchen,Same-Day,3787,4.37,398.5,7,2.09,7.61,5.29,41.35
ORD101720,Home & Kitchen,Same-Day,5245,3.53,164.9,5,2.02,1.04,4.84,27.22
ORD101721,Books,Standard,3501,3.66,32.2,4,2.13,5.24,6.55,36.04
ORD101722,Electronics,Express,6976,3.42,592.3,4,4.52,4.99,4.1,51.73
ORD101723,Books,Standard,1846,2.03,142.0,2,4.24,8.51,4.3,39.71
ORD101724,Beauty,Same-Day,5640,3.73,891.5,9,2.16,8.83,3.85,57.95
ORD101725,Fashion,Express,6974,2.65,243.9,4,1.66,8.98,5.63,40.38
ORD101726,Beauty,Express,300,1.59,941.7,1,2.93,7.03,4.28,65.1
ORD101727,Electronics,Express,5718,3.54,849.3,7,3.58,7.91,7.88,71.24
ORD101728,Electronics,Standard,5682,2.18,52.7,2,3.01,7.41,3.31,34.43
ORD101729,Beauty,Express,5183,2.08,547.4,2,3.49,4.97,5.15,45.71
ORD101730,Fashion,Standard,3222,3.0,382.0,5,3.31,9.53,4.01,53.89
ORD101731,Fashion,Standard,6498,3.3,325.7,4,1.45,3.73,6.24,49.84
ORD101732,Books,Standard,3742,4.24,373.1,6,3.27,8.13,5.78,54.86
ORD101733,Books,Same-Day,5920,3.54,37.6,7,1.74,2.83,5.24,22.94
ORD101734,Beauty,Same-Day,3720,2.08,398.3,4,4.28,2.77,9.97,42.81
ORD101735,Books,Same-Day,4119,2.56,428.8,4,3.48,3.88,9.52,42.96
ORD101736,Books,Express,2599,3.87,421.4,8,2.6,7.16,1.13,45.14
ORD101737,Home & Kitchen,Same-Day,2654,3.33,294.5,2,3.67,6.65,9.79,44.67
ORD101738,Fashion,Same-Day,5209,5.06,878.0,7,2.61,4.97,4.58,57.99
ORD101739,Home & Kitchen,standard ,2647,3.88,913.1,3,1.99,2.33,4.51,74.24
ORD101740,Fashion,Standard,1617,3.72,795.2,6,2.39,6.52,8.91,68.87
ORD101741,Beauty,Standard,2747,2.36,906.1,4,1.41,2.26,3.33,64.78
ORD101742,Home & Kitchen,Express,5434,3.53,125.0,2,3.94,1.32,9.79,32.48
ORD101743,Beauty,Same-Day,1877,3.36,454.1,7,4.55,1.01,7.31,47.35
ORD101744,Beauty,Standard,5259,2.73,335.7,4,2.47,8.82,8.21,59.21
ORD101745,Home & Kitchen,Standard,3127,4.17,274.7,4,1.62,9.08,6.49,54.76
ORD101746,Home & Kitchen,Same-Day,6420,4.81,411.5,5,4.1,5.93,5.57,41.68
ORD101747,Fashion,Express,1923,3.04,179.0,3,3.45,1.09,8.53,33.62
ORD101748,Home & Kitchen,Standard,3220,3.9,749.5,4,3.57,6.81,7.58,82.45
ORD101749,Fashion,Same-Day,6386,4.23,801.8,9,3.16,5.49,1.63,52.49
ORD101750,Fashion,Same-Day,300,1.48,82.5,1,3.3,8.77,9.31,32.88
ORD101751,Fashion,Same-Day,3352,4.64,596.9,8,1.82,8.06,2.83,43.43
ORD101752,Fashion,standard ,7524,4.21,828.3,8,4.54,7.88,5.06,72.27
ORD101753,Home & Kitchen,Same-Day,2450,2.98,871.4,3,2.48,5.5,2.64,53.82
ORD101754,Books,Same-Day,4717,76.2,71.6,6,2.57,2.98,5.74,24.37
ORD101755,Fashion,Standard,3685,2.07,540.2,3,2.8,5.93,6.17,58.0
ORD101756,Books,Standard,6354,3.3,156.2,6,2.76,9.91,7.7,48.04
ORD101757,Books,Standard,6752,4.81,559.7,6,4.15,7.76,6.53,64.08
ORD101758,Fashion,Standard,8296,3.29,755.1,8,3.11,7.7,1.86,66.96
ORD101759,Fashion,Same-Day,2219,4.75,79.2,7,4.64,6.88,8.29,30.57
ORD101760,Beauty,Standard,6650,4.02,901.3,6,3.9,2.47,4.77,73.02
ORD101761,Books,Express,300,1.67,754.8,1,2.12,4.03,1.38,47.09
ORD101762,Beauty,Standard,1679,3.31,679.0,1,1.93,9.46,4.32,62.41
ORD101763,Electronics,Standard,2972,3.95,486.8,2,3.75,7.45,6.94,60.92
ORD101764,Beauty,Standard,1359,2.88,172.2,3,1.32,2.92,6.04,35.39
ORD101765,Books,Standard,7064,3.2,535.0,6,2.48,8.33,6.99,62.15
ORD101766,Electronics,Standard,5826,3.99,71.6,6,2.45,8.85,8.01,48.38
ORD101767,Electronics,Express,2447,5.41,713.7,3,3.6,4.74,8.62,60.15
ORD101768,Electronics,Standard,5200,4.34,909.2,6,3.08,6.84,5.4,72.16
ORD101769,Books,Express,413,1.97,539.3,2,1.48,2.33,6.06,43.11
ORD101770,Electronics,Same-Day,7401,3.91,788.7,8,2.61,4.16,7.74,59.54
ORD101771,Home & Kitchen,Standard,3853,6.09,879.0,1,3.44,9.33,6.04,79.06
ORD101772,Home & Kitchen,Same-Day,4640,4.66,528.2,3,1.41,8.52,6.77,53.03
ORD101773,Books,Express,1498,2.38,652.2,2,2.63,2.49,8.68,51.01
ORD101774,Books,Same-Day,3056,3.18,166.8,4,1.5,4.21,7.34,27.23
ORD101775,Home & Kitchen,Standard,6307,5.79,27.1,7,4.14,8.88,6.39,44.41
ORD101776,Home & Kitchen,Express,3360,2.81,636.4,2,1.95,9.94,6.65,58.92
ORD101777,Home & Kitchen,Express,5890,3.08,566.8,1,1.94,5.18,8.01,51.54
ORD101778,Beauty,Standard,3458,2.26,142.1,4,3.8,5.46,7.36,38.69
ORD101779,Books,Standard,6740,4.27,924.8,9,3.98,7.59,5.01,76.74
ORD101780,Fashion,Standard,3324,2.91,355.6,5,,3.5,8.18,48.31
ORD101781,Beauty,Same-Day,2645,3.91,831.9,7,3.59,8.87,9.36,65.34
ORD101782,Home & Kitchen,Standard,3990,4.49,35.7,6,3.75,1.35,5.91,37.42
ORD101783,Electronics,Same-Day,6322,5.19,483.2,8,4.3,3.45,7.43,44.14
ORD101784,Books,Express,831,3.21,48.5,6,-0.8,8.68,4.51,32.74
ORD101785,Beauty,Standard,5459,4.63,744.7,9,3.34,2.48,5.48,70.74
ORD101786,Fashion,Same-Day,5039,4.17,510.9,8,1.92,1.39,3.71,30.17
ORD101787,Fashion,Standard,2809,4.09,710.1,7,2.97,8.27,8.17,71.19
ORD101788,Fashion,Same-Day,3463,3.16,126.1,1,3.97,6.07,1.64,23.71
ORD101789,Beauty,Same-Day,5105,4.97,307.7,8,3.98,9.04,2.88,37.47
ORD101790,Home & Kitchen,Standard,3019,3.26,104.9,1,1.26,6.96,7.5,46.64
ORD101791,Electronics,Same-Day,6365,5.73,256.6,5,2.99,5.17,6.83,41.48
ORD101792,Fashion,Same-Day,5967,3.51,253.5,8,3.36,4.86,9.23,39.42
ORD101793,Electronics,Standard,8507,3.61,665.8,8,3.5,7.93,4.97,67.55
ORD101794,Home & Kitchen,Standard,5087,2.84,428.2,2,3.46,1.58,5.92,54.34
ORD101795,Fashion,Standard,5454,4.75,695.0,6,2.59,6.81,4.3,60.02
ORD101796,Home & Kitchen,Express,3774,5.14,431.3,5,2.43,7.85,8.28,59.65
ORD101797,Fashion,Express,5626,4.44,357.7,2,1.46,9.26,3.04,45.87
ORD101798,Beauty,Express,4441,1.76,546.3,1,1.98,6.1,5.57,47.18
ORD101799,Home & Kitchen,Standard,3714,4.13,680.1,3,3.04,1.7,8.75,66.6
ORD101800,Fashion,Standard,2712,2.96,78.8,1,1.78,6.46,4.68,32.74
ORD101801,Fashion,Same-Day,5892,3.1,332.9,5,3.77,3.48,3.57,33.3
ORD101802,Fashion,Express,1961,2.03,373.2,1,3.92,1.99,6.34,37.78
ORD101803,Books,Same-Day,6123,3.9,154.5,5,3.56,2.36,2.33,26.45
ORD101804,Electronics,Same-Day,3023,3.2,670.2,2,3.57,2.99,2.69,38.35
ORD101805,Beauty,Same-Day,4729,2.47,67.5,5,3.6,4.94,7.67,26.83
ORD101806,Home & Kitchen,Same-Day,1354,5.37,246.1,5,4.1,5.94,5.21,36.56
ORD101807,Fashion,Express,4517,3.39,269.4,6,3.34,5.82,8.98,43.25
ORD101808,Books,Standard,7017,5.51,72.4,7,2.62,4.18,7.46,35.26
ORD101809,Beauty,Same-Day,2851,3.61,211.9,4,3.39,7.46,3.52,30.97
ORD101810,Electronics,Standard,8687,4.21,930.4,5,1.62,3.02,4.52,69.93
ORD101811,Electronics,Same-Day,4766,3.1,225.4,3,3.92,3.17,1.94,25.52
ORD101812,Electronics,Express,2485,2.07,35.1,1,3.87,8.89,2.46,30.69
ORD101813,Home & Kitchen,Standard,3734,4.13,767.4,4,4.04,9.99,2.72,68.47
ORD101814,Fashion,Same-Day,4622,3.22,134.5,3,3.75,7.02,5.44,22.49
ORD101815,Electronics,Same-Day,10649,4.16,622.1,7,2.44,4.87,8.41,49.87
ORD101816,Electronics,Standard,7740,5.95,787.2,9,2.42,9.92,1.95,71.87
ORD101817,Beauty,Express,2879,2.32,747.3,4,1.81,9.16,6.54,65.05
ORD101818,Beauty,Express,1989,2.93,313.5,3,4.2,7.26,2.7,44.46
ORD101819,Books,Standard,3014,2.18,353.5,4,,5.12,2.58,39.37
ORD101820,Fashion,Standard,6914,3.7,648.2,8,2.16,1.39,6.66,57.72
ORD101821,Electronics,Standard,4643,2.19,146.4,2,1.21,3.52,1.05,33.09
ORD101822,Fashion,Standard,5627,3.79,116.8,6,3.76,7.91,1.82,41.07
ORD101823,Electronics,Express,3942,4.17,686.0,5,2.74,4.53,4.62,55.84
ORD101824,Fashion,Same-Day,4171,3.82,357.5,1,2.15,4.76,5.77,
ORD101825,Fashion,Express,5513,3.01,485.2,5,3.36,5.18,3.18,49.13
ORD101826,Home & Kitchen,Same-Day,8171,4.96,169.5,7,3.85,6.44,7.65,46.85
ORD101827,Books,Same-Day,2859,-4.2,466.3,1,0.61,4.55,4.78,33.94
ORD101828,Books,Same-Day,6646,4.55,144.4,8,3.75,9.93,4.03,34.93
ORD101829,Home & Kitchen,Standard,3182,4.31,938.9,2,1.95,9.15,3.71,66.75
ORD101830,Beauty,Same-Day,4288,3.79,395.2,6,3.2,7.58,3.54,34.3
ORD101831,Electronics,Same-Day,4997,4.72,862.3,3,3.14,8.57,6.51,61.36
ORD101832,Beauty,Express,6093,2.47,3465.0,5,2.39,6.87,3.54,36.47
ORD101833,Home & Kitchen,Express,1734,3.5,504.0,1,2.66,9.38,8.83,55.3
ORD101834,Beauty,Same-Day,4539,3.15,730.1,3,4.28,1.33,5.49,54.34
ORD101835,Beauty,Standard,3201,3.76,337.4,2,3.1,4.87,7.96,46.49
ORD101836,Home & Kitchen,Standard,4526,3.2,829.6,4,3.17,8.68,6.52,82.04
ORD101837,Books,Express,3590,4.53,670.9,3,1.5,1.02,4.73,56.43
ORD101838,Electronics,Express,3280,4.67,324.9,6,2.3,6.75,9.11,50.09
ORD101839,Beauty,Same-Day,2654,3.56,587.0,6,3.58,9.44,1.79,42.13
ORD101840,Home & Kitchen,Express,3914,4.6,246.4,6,4.4,7.34,2.34,37.33
ORD101841,Home & Kitchen,Same-Day,3391,3.31,479.5,4,3.86,8.92,5.33,44.93
ORD101842,Books,STANDARD,6808,4.05,107.8,8,4.02,9.73,9.43,48.43
ORD101843,Books,Standard,5324,6.97,153.3,8,2.83,1.21,3.53,34.85
ORD101844,Beauty,Same-Day,1331,3.58,478.4,5,1.86,9.17,2.23,43.9
ORD101845,Home & Kitchen,Express,9500,6.08,150.1,10,4.49,6.66,5.51,44.26
ORD101846,Electronics,Express,4398,4.43,498.9,3,3.84,2.87,6.86,48.97
ORD101847,Books,Express,2270,2.73,527.3,2,1.74,3.25,6.1,43.57
ORD101848,Home & Kitchen,Standard,8928,6.14,920.7,10,2.41,9.49,5.01,83.59
ORD101849,Books,Standard,4550,2.7,555.6,1,1.08,6.05,6.95,54.14
ORD101850,Fashion,Same-Day,7133,4.68,467.1,10,2.87,5.6,6.86,51.8
ORD101851,Beauty,Express,3538,2.48,568.4,3,1.65,1.63,5.27,47.52
ORD101852,Beauty,Same-Day,4315,4.63,775.9,8,2.41,2.2,9.03,54.55
ORD101853,Home & Kitchen,Express,8219,3.78,807.8,4,1.44,7.81,8.03,69.85
ORD101854,Electronics,Same-Day,3601,3.0,712.4,1,1.3,1.72,5.76,49.58
ORD101855,Fashion,Standard,5233,3.2,211.2,4,2.76,1.74,5.59,37.49
ORD101856,Beauty,Same-Day,5834,2.09,151.6,4,1.23,5.57,3.79,23.08
ORD101857,Home & Kitchen,Express,3187,3.39,150.1,5,3.45,8.18,7.72,40.98
ORD101858,Home & Kitchen,Same-Day,1205,4.81,375.7,1,2.83,1.87,1.97,37.63
ORD101859,Beauty,Express,300,2.3,608.2,4,2.75,7.82,9.22,65.59
ORD101860,Fashion,Same-Day,6925,3.36,326.8,7,3.56,9.71,4.52,42.88
ORD101861,Electronics,Same-Day,5443,2.95,764.2,2,3.48,4.38,4.08,48.81
ORD101862,Home & Kitchen,Standard,8132,2.98,433.3,3,3.48,3.68,9.82,62.97
ORD101863,Home & Kitchen,Same-Day,3491,4.05,580.6,2,1.85,3.42,2.51,34.68
ORD101864,Books,Same-Day,2907,3.35,153.7,1,3.38,4.1,7.36,32.88
ORD101865,Books,Express,2551,3.53,531.1,2,1.57,1.16,1.54,39.76
ORD101866,Fashion,Express,3358,1.86,899.5,2,2.65,1.1,9.47,69.14
ORD101867,Beauty,Standard,4350,2.85,578.2,6,2.4,4.96,9.66,69.14
ORD101868,Fashion,Same-Day,4313,1.96,763.5,2,3.46,9.89,5.32,49.43
ORD101869,Beauty,Same-Day,1881,3.53,722.2,8,1.28,9.59,7.16,54.23
ORD101870,Fashion,Express,3473,7.71,546.2,1,1.15,3.7,5.57,50.0
ORD101871,Fashion,Express,3127,1.95,197.9,3,1.89,6.37,9.89,34.7
ORD101872,Books,Same-Day,4461,3.39,354.2,5,3.83,4.23,8.98,44.72
ORD101873,Home & Kitchen,Standard,4064,2.77,107.6,2,3.01,5.01,3.08,35.96
ORD101874,Books,Standard,2524,1.86,337.4,3,3.28,3.88,1.35,44.34
ORD101875,Electronics,Same-Day,3619,3.3,718.5,4,3.1,8.93,5.32,59.97
ORD101876,Books,Express,1536,1.76,276.0,1,1.84,2.64,8.19,34.41
ORD101877,Home & Kitchen,Same-Day,4646,3.11,135.2,5,1.63,8.57,7.52,36.44
ORD101878,Home & Kitchen,Express,5290,3.87,521.6,5,3.45,5.19,5.35,45.25
ORD101879,Beauty,Standard,4423,2.77,453.6,6,3.81,9.35,5.43,55.9
ORD101880,Electronics,Express,7148,4.17,404.1,8,3.69,8.64,9.35,62.63
ORD101881,Beauty,Express,4390,4.46,82.0,3,3.66,1.62,5.41,30.23
ORD101882,Home & Kitchen,Express,7813,3.97,467.7,5,2.52,5.67,3.49,48.72
ORD101883,Fashion,Standard,2272,2.46,89.9,3,1.03,2.78,2.25,28.14
ORD101884,Beauty,Standard,6624,5.83,759.7,7,2.76,1.0,8.95,69.19
ORD101885,Fashion,Express,7972,4.04,679.4,10,2.63,9.52,7.03,71.49
ORD101886,Beauty,Express,2676,2.81,489.4,4,2.73,2.27,8.92,59.72
ORD101887,Fashion,Same-Day,3194,2.58,299.7,4,1.45,7.69,8.95,39.8
ORD101888,Books,Standard,3116,2.08,259.9,1,2.43,7.05,1.45,37.38
ORD101889,Home & Kitchen,Same-Day,6407,6.08,355.6,6,3.71,8.51,5.84,39.13
ORD101890,Beauty,Standard,2291,2.82,43.5,5,3.6,3.89,2.41,28.41
ORD101891,Home & Kitchen,Same-Day,7470,4.1,348.0,5,2.81,8.99,5.3,40.51
ORD101892,Fashion,Same-Day,4820,5.64,67.6,8,4.26,4.7,8.14,35.87
ORD101893,Home & Kitchen,Standard,6421,4.86,67.0,4,3.81,7.76,8.94,50.63
ORD101894,BOOKS,Express,5822,4.9,922.7,8,2.64,7.76,5.31,68.38
ORD101895,Fashion,Same-Day,3424,3.49,475.5,3,3.32,1.6,7.88,33.8
ORD101896,Home & Kitchen,Same-Day,4405,3.73,190.9,4,2.56,8.7,4.48,32.73
ORD101897,Home & Kitchen,,5746,5.26,261.9,7,2.27,5.96,9.22,48.72
ORD101898,Electronics,Standard,4495,4.05,255.0,7,2.78,6.6,2.24,38.76
ORD101899,Home & Kitchen,Express,3218,3.56,715.6,5,3.1,6.9,3.55,58.64
ORD101900,Electronics,Express,10736,3.42,182.9,6,3.24,9.97,2.85,42.46
ORD101901,Books,Express,300,3.16,666.0,1,1.35,7.27,1.03,40.34
ORD101902,Books,Same-Day,6727,-2.1,413.8,6,2.42,2.51,5.19,33.38
ORD101903,Home & Kitchen,Same-Day,4147,5.45,241.0,7,2.15,6.23,9.87,43.45
ORD101904,Fashion,Standard,8055,2.62,482.4,5,2.15,5.15,6.22,51.45
ORD101905,Electronics,Same-Day,2766,2.15,703.0,1,2.64,4.19,4.98,51.72
ORD101906,Books,Same-Day,1442,2.97,505.8,2,1.84,5.03,6.93,41.35
ORD101907,Home & Kitchen,Express,4582,7.43,530.5,9,2.03,8.9,1.35,52.0
ORD101908,Fashion,Same-Day,2429,2.03,504.2,2,2.85,5.02,5.53,40.73
ORD101909,Books,Standard,1647,2.18,-80,3,2.5,4.51,5.29,52.03
ORD101910,Beauty,Standard,3340,4.61,476.8,3,1.95,4.57,9.05,53.91
ORD101911,Electronics,Express,4523,1.79,100.6,1,1.64,6.42,3.59,26.06
ORD101912,Books,Standard,2971,3.21,296.6,4,3.4,8.71,2.77,48.52
ORD101913,Electronics,Same-Day,807,2.98,886.2,2,1.62,6.46,8.58,67.06
ORD101914,Electronics,Express,7943,3.76,647.0,7,2.88,4.07,6.89,60.44
ORD101915,Beauty,Standard,5224,2.55,401.4,5,2.39,4.8,1.4,40.96
ORD101916,,Express,3127,2.5,538.4,2,3.82,4.8,1.05,47.37
ORD101917,Beauty,Standard,1699,1.22,434.8,1,3.57,5.6,1.59,51.46
ORD101918,Home & Kitchen,Same-Day,4080,2.64,275.0,2,2.95,2.43,7.17,34.32
ORD101919,Electronics,Express,4993,5.91,137.6,6,2.59,6.87,5.43,37.22
ORD101920,Home & Kitchen,Same-Day,3333,3.02,426.2,1,3.76,1.71,8.03,43.13
ORD101921,Fashion,Same-Day,5209,3.54,910.8,7,2.13,3.85,4.61,49.72
ORD101922,Beauty,Standard,3496,2.21,61.1,5,4.47,6.16,3.68,36.73
ORD101923,Fashion,Same-Day,300,2.93,113.3,2,1.24,5.03,9.5,29.98
ORD101924,Home & Kitchen,Standard,3018,4.49,458.0,3,2.54,9.28,8.83,69.25
ORD101925,Books,Standard,2628,3.67,574.9,2,4.47,1.2,8.83,53.95
ORD101926,Fashion,Same-Day,1499,2.42,487.0,1,2.52,4.88,8.65,39.66
ORD101927,Books,Express,2280,3.23,588.2,4,3.65,5.03,9.28,63.97
ORD101928,Beauty,Standard,1328,1.8,603.1,1,2.77,3.83,5.29,59.06
ORD101929,Beauty,Same-Day,3109,3.58,344.2,5,2.08,9.46,1.92,31.47
ORD101930,Home & Kitchen,Same-Day,5199,4.81,150.3,3,4.04,8.52,3.23,33.38
ORD101931,Fashion,Express,2993,2.82,412.8,3,2.97,7.14,9.45,49.58
ORD101932,Home & Kitchen,Same-Day,2415,2.16,155.3,1,2.86,2.58,10.9,17.0
ORD101933,Electronics,Same-Day,2609,2.87,441.5,4,1.95,7.82,3.63,39.68
ORD101934,Electronics,Standard,2779,1.89,904.1,1,0.93,4.26,3.38,63.17
ORD101935,Electronics,Standard,7693,2.63,25.5,4,3.32,1.94,2.78,23.1
ORD101936,Books,Same-Day,6097,3.87,298.1,7,3.31,4.29,9.85,49.06
ORD101937,Beauty,Standard,3726,3.75,69.0,7,3.1,5.26,9.0,42.69
ORD101938,Home & Kitchen,Standard,6480,3.83,477.9,6,4.05,1.97,4.33,50.05
ORD101939,Beauty,Express,4366,4.08,407.0,7,3.97,4.61,2.87,48.3
ORD101940,Home & Kitchen,Standard,7155,4.85,825.5,7,3.64,3.13,5.4,74.19
ORD101941,Books,Standard,4349,22.1,478.5,4,4.33,3.36,4.97,56.6
ORD101942,Books,Same-Day,3904,4.25,860.6,5,1.05,6.24,9.13,69.05
ORD101943,Fashion,Same-Day,7032,5.31,672.1,8,3.31,2.67,1.57,41.53
ORD101944,Fashion,Express,2567,2.27,469.0,3,2.39,2.24,12.4,38.92
ORD101945,Books,Same-Day,1316,1.85,789.7,2,3.59,4.1,3.24,48.23
ORD101946,Beauty,Standard,7379,3.26,162.7,4,3.87,3.01,9.81,46.29
ORD101947,Fashion,Same-Day,5364,3.45,424.0,4,1.65,4.87,9.48,38.91
ORD101948,Home & Kitchen,Same-Day,1500,2.96,925.8,2,1.52,6.25,6.47,60.03
ORD101949,Beauty,Same-Day,2467,5.55,898.7,2,2.44,3.11,5.33,56.38
ORD101950,Home & Kitchen,Standard,5740,6.05,724.8,9,3.57,2.88,4.53,68.75
ORD101951,Fashion,Express,5960,2.59,416.2,4,2.18,3.59,5.34,43.18
ORD101952,Fashion,Same-Day,4842,2.14,558.0,1,2.02,2.45,9.23,48.74
ORD101953,Fashion,Express,5960,2.48,542.4,2,1.72,7.32,5.97,44.67
ORD101954,Fashion,Same-Day,5557,6.06,274.4,9,3.03,8.06,3.39,38.09
ORD101955,Home & Kitchen,Standard,3863,3.9,503.6,1,2.19,6.29,7.76,55.36
ORD101956,Fashion,Express,300,1.84,220.4,1,1.35,7.02,2.28,29.73
ORD101957,Books,Express,461,2.33,138.8,1,2.86,9.44,6.15,33.81
ORD101958,Books,Same-Day,4783,2.4,169.6,4,4.48,1.0,4.08,28.3
ORD101959,Electronics,Express,3547,3.82,755.0,6,4.29,2.48,5.04,49.23
ORD101960,Fashion,Same-Day,1618,1.67,810.6,1,1.3,7.04,5.93,52.47
ORD101961,Home & Kitchen,Standard,7158,4.68,274.2,8,2.45,4.26,6.37,46.48
ORD101962,Beauty,Standard,4253,2.2,21.0,3,3.51,1.91,8.24,37.17
ORD101963,Electronics,Standard,300,2.17,441.7,1,2.45,2.38,6.9,43.34
ORD101964,Beauty,Express,3743,2.21,458.8,3,2.21,3.65,2.91,35.83
ORD101965,Fashion,Standard,8002,4.38,361.2,10,4.83,2.57,8.03,53.55
ORD101966,Fashion,Standard,1258,2.38,513.9,3,3.08,5.64,4.0,54.36
ORD101967,Home & Kitchen,Standard,1944,3.27,606.2,3,3.69,2.63,5.88,62.65
ORD101968,Home & Kitchen,Express,7058,4.41,693.7,9,2.5,6.73,6.11,66.3
ORD101969,Books,Same-Day,2421,3.11,500.3,5,3.32,0.0,5.61,48.74
ORD101970,Books,Express,1423,2.51,670.9,3,3.38,3.22,2.23,46.22
ORD101971,Electronics,Same-Day,7303,4.11,207.0,5,4.55,6.49,9.35,36.97
ORD101972,Beauty,Standard,2825,2.17,760.8,2,3.77,3.12,7.58,64.61
ORD101973,Beauty,Standard,863,3.34,387.7,1,2.62,1.86,4.17,44.67
ORD101974,Electronics,Standard,3446,3.25,383.3,4,3.37,8.99,7.5,61.73
ORD101975,Electronics,Standard,7201,4.45,343.1,9,4.72,4.59,7.3,51.47
ORD101976,Books,Standard,3087,1.61,808.0,2,1.88,6.33,6.07,71.09
ORD101977,Fashion,Same-Day,4705,3.9,799.2,8,3.02,3.41,2.02,53.79
ORD101978,Electronics,Express,7730,5.96,92.9,8,4.22,7.69,5.95,35.9
ORD101979,Electronics,Express,5014,2.79,523.8,5,3.53,2.26,4.45,42.44
ORD101980,Home & Kitchen,Express,5582,5.24,66.4,7,4.06,2.71,5.38,29.98
ORD101981,Fashion,Express,4075,2.6,522.6,3,3.73,8.95,8.05,58.16
ORD101982,Beauty,Standard,5098,3.38,47.1,2,2.16,6.63,5.11,34.99
ORD101983,Books,Same-Day,1437,3.49,230.5,2,1.65,9.77,3.05,36.76
ORD101984,Home & Kitchen,Standard,7529,6.96,442.8,9,2.01,9.63,4.8,65.96
ORD101985,Fashion,Express,3823,2.46,235.7,3,1.64,7.11,4.41,35.31
ORD101986,Electronics,Same-Day,4931,3.49,195.0,6,3.2,5.7,9.19,35.49
ORD101987,Fashion,Express,5640,4.27,624.4,8,4.07,1.69,3.61,53.31
ORD101988,Fashion,Standard,5685,3.18,411.9,5,1.44,5.3,1.6,51.69
ORD101989,Electronics,Same-Day,7713,5.1,73.4,9,2.89,8.22,7.78,33.21
ORD101990,Fashion,Standard,1875,4.27,228.2,2,1.99,1.83,6.32,39.1
ORD101991,Home & Kitchen,Standard,4576,3.66,822.0,4,3.34,2.05,3.69,61.9
ORD101992,Fashion,Same-Day,5956,4.72,664.4,6,3.56,7.23,4.29,50.18
ORD101993,Home & Kitchen,Same-Day,4860,5.19,572.7,5,2.83,8.05,2.46,42.95
ORD101994,Home & Kitchen,Standard,6058,5.12,66.0,7,3.32,5.17,1.84,
ORD101995,Beauty,Express,2471,1.88,287.4,2,2.26,5.6,3.96,31.64
ORD101996,Fashion,Express,3203,3.13,781.8,6,1.65,3.33,7.82,64.42
ORD101997,Books,Standard,840,3.5,579.6,1,1.59,6.59,5.63,56.52
ORD101998,FASHION,Express,2968,4.23,814.6,8,4.88,2.85,7.41,69.99
ORD101999,Fashion,Same-Day ,3764,2.32,882.0,3,1.67,3.3,1.98,41.73
ORD102000,Beauty,Standard,27440,3.6,387.3,1,1.87,9.17,1.02,44.57
ORD102001,Electronics,Standard,3500,1.89,646.0,2,1.38,9.12,11.8,60.12
ORD102002,Home & Kitchen,Same-Day,4146,4.76,455.5,4,2.7,4.77,6.87,42.33
ORD102003,Books,Express,4220,2.35,243.9,4,2.0,9.51,4.11,30.62
ORD102004,Beauty,Standard,3774,6.11,801.5,8,3.03,3.06,2.23,58.31
ORD102005,Electronics,Standard,3915,4.28,85.7,7,1.96,1.18,1.34,22.41
ORD102006,Beauty,Standard,4150,3.37,453.4,3,2.93,9.92,9.52,62.68
ORD102007,Electronics,Express,4172,4.63,381.6,6,1.65,4.81,6.08,40.93
ORD102008,Books,Standard,3278,4.26,271.4,7,3.05,1.84,3.28,39.02
ORD102009,Beauty,Express,1989,4.21,122.9,3,1.57,6.34,6.6,39.66
ORD102010,Fashion,Same-Day,4452,2.58,195.7,2,2.15,4.7,4.08,20.42
ORD102011,Electronics,Standard,7228,4.02,577.2,4,1.75,6.44,1.03,59.7
ORD102012,Fashion,Standard,3158,2.79,85.5,6,4.22,3.17,7.54,46.86
ORD102013,Electronics,Express,7832,3.87,409.7,6,2.1,4.96,4.41,41.95
ORD102014,Electronics,Express,4852,3.32,705.2,6,2.87,6.04,7.74,67.14
ORD102015,Beauty,Express,8544,3.91,224.0,10,2.25,1.88,3.1,34.9
ORD102016,Electronics,Same-Day,5567,3.87,820.2,5,1.62,9.03,4.6,61.75
ORD102017,Fashion,Express,2725,5.27,524.8,2,3.1,6.0,6.43,50.02
ORD102018,Electronics,Same-Day,3521,3.26,417.0,1,1.83,5.15,3.7,35.64
ORD102019,Fashion,Standard,6285,6.48,591.9,10,3.0,5.62,4.46,61.42
ORD102020,Fashion,Express,300,2.01,761.8,3,1.75,6.21,5.36,57.52
ORD102021,Beauty,Same-Day,3943,2.68,205.7,2,3.56,9.17,5.15,30.35
ORD102022,Electronics,Express,7615,3.29,868.7,6,3.34,9.43,3.38,64.49
ORD102023,Books,Express,4546,5.43,33.1,9,4.79,9.82,5.58,
ORD102024,Electronics,Same-Day,7735,3.61,527.2,5,3.72,4.92,4.75,40.25
ORD102025,Beauty,Same-Day,2418,4.01,271.2,2,2.65,8.88,4.67,26.56
ORD102026,Books,Same-Day,300,4.69,487.2,3,3.0,6.15,7.15,42.92
ORD102027,Fashion,Standard,6686,4.58,859.7,9,4.62,7.73,8.2,81.47
ORD102028,Fashion,Same-Day,3754,3.64,175.3,6,2.78,4.64,6.94,33.98
ORD102029,Fashion,Standard,6560,5.24,147.7,8,3.62,4.37,8.16,51.48
ORD102030,Fashion,Express,5750,2.85,559.0,5,3.61,2.26,4.9,53.58
ORD102031,Beauty,Express,2887,2.46,414.5,1,1.49,2.19,3.29,34.49
ORD102032,Home & Kitchen,Same-Day,3045,5.2,53.7,5,3.46,6.27,2.27,21.33
ORD102033,Fashion,Express,2017,3.12,946.1,5,3.19,4.8,5.64,67.77
ORD102034,Books,Same-Day,922,1.54,731.1,1,2.56,9.39,7.33,55.02
ORD102035,Home & kitchen,Express,4985,4.81,587.6,4,3.89,6.43,8.94,64.55
ORD102036,Electronics,Express,2052,4.96,602.3,4,1.62,5.41,2.68,48.83
ORD102037,Books,Standard,6372,5.26,418.0,8,2.88,7.02,2.52,51.0
ORD102038,Beauty,Standard,3313,3.67,689.6,2,2.03,4.39,4.18,57.92
ORD102039,Fashion,Standard,5389,3.26,89.8,5,3.54,4.92,8.83,42.0
ORD102040,Books,Express,3065,2.01,914.1,2,1.5,2.62,7.99,64.6
ORD102041,Home & Kitchen,Same-Day,1698,2.87,872.1,2,1.98,4.8,2.4,51.42
ORD102042,Beauty,Express,4948,4.36,518.2,7,3.0,3.58,4.15,45.08
ORD102043,Books,Same-Day,3102,2.32,141.8,3,1.69,2.44,4.2,26.82
ORD102044,Electronics,Same-Day,4764,2.43,691.2,1,1.44,3.38,7.15,48.81
ORD102045,Fashion,Standard,4815,3.3,787.8,7,3.39,4.04,4.47,62.65
ORD102046,Fashion,Same-Day,2189,3.2,75.5,4,2.19,4.75,2.52,20.38
ORD102047,Books,Same-Day,570,3.26,308.0,1,2.7,3.95,9.13,39.36
ORD102048,Home & Kitchen,Express,2166,5.26,552.4,1,1.13,3.32,2.94,35.54
ORD102049,Books,Same-Day,5244,4.48,836.1,7,4.11,8.49,8.67,71.89
ORD102050,Home & Kitchen,Standard,3117,2.28,945.4,1,1.61,5.53,8.78,71.28
ORD102051,Fashion,Express,4249,3.67,585.5,2,2.17,3.61,8.78,56.3
ORD102052,Electronics,Express,6173,3.72,564.3,5,2.42,4.48,3.79,49.28
ORD102053,Beauty,Same-Day,1924,6.0,439.7,4,2.98,2.41,2.99,30.97
ORD102054,Books,Express,9930,4.17,156.1,9,4.29,9.68,4.69,45.53
ORD102055,Electronics,Express,7571,3.54,780.3,5,2.05,2.66,9.74,61.11
ORD102056,Electronics,Standard,5258,3.23,129.3,5,3.57,1.85,3.56,38.83
ORD102057,Home & Kitchen,Same-Day,8331,5.18,499.4,8,2.56,3.8,6.09,52.0
ORD102058,Fashion,Same-Day,3415,3.54,642.8,7,2.23,6.52,4.49,48.71
ORD102059,Electronics,Standard,4291,3.62,603.2,6,2.45,8.65,9.22,75.74
ORD102060,Home & Kitchen,Standard,1568,2.94,438.6,3,2.63,5.52,3.05,47.78
ORD102061,Fashion,Express,1839,2.22,343.1,2,1.41,2.04,5.98,31.2
ORD102062,Books,Same-Day,3674,2.77,945.2,6,3.59,9.99,2.14,64.08
ORD102063,Home & Kitchen,Same-Day,7426,4.95,797.9,8,3.46,4.26,9.05,63.86
ORD102064,Beauty,Express,3395,4.06,518.7,6,4.28,1.32,6.37,57.13
ORD102065,Electronics,Same-Day,8081,4.86,134.1,9,4.66,9.73,6.75,35.01
ORD102066,Fashion,Standard,7229,3.72,774.6,7,4.64,6.95,6.88,87.7
ORD102067,Books,Same-Day,3420,4.12,443.4,7,2.64,6.65,7.06,42.78
ORD102068,Beauty,Same-Day,4819,2.08,788.7,3,3.61,2.07,3.14,47.97
ORD102069,Books,Express,7135,3.72,871.1,7,3.63,6.31,1.0,56.48
ORD102070,Electronics,Express,1608,2.45,838.2,2,3.51,8.26,1.54,58.37
ORD102071,Home & Kitchen,Express,3200,2.69,655.6,2,1.47,6.13,5.05,57.14
ORD102072,Beauty,Express,3699,2.24,15.5,3,3.68,4.65,2.78,21.7
ORD102073,Home & Kitchen,Same-Day,1123,2.92,508.9,3,2.39,6.66,5.85,42.52
ORD102074,Home & Kitchen,Express,4066,4.3,646.0,1,2.28,3.93,5.63,53.62
ORD102075,Fashion,Same-Day,4006,2.27,493.2,3,3.2,2.39,4.21,30.51
ORD102076,Beauty,Standard,300,1.8,368.6,1,4.25,9.34,5.97,60.19
ORD102077,Home & Kitchen,Same-Day,5170,5.92,897.7,5,1.76,6.43,4.1,64.7
ORD102078,Fashion,Standard,1451,3.04,140.5,2,1.4,9.42,1.21,35.37
ORD102079,Beauty,Express,6050,4.28,601.3,8,4.07,2.29,4.29,55.6
ORD102080,Fashion,Same-Day,4151,3.71,490.5,6,2.54,1.2,3.79,33.26
ORD102081,Fashion,Express,11552,5.7,717.2,10,2.92,9.91,3.45,58.85
ORD102082,Electronics,Same-Day,6069,3.94,402.2,7,3.36,6.13,5.74,45.48
ORD102083,Books,Express,1654,1.79,829.3,3,3.12,9.87,7.35,67.69
ORD102084,Electronics,Standard,,4.82,73.7,5,3.65,3.63,1.37,28.99
ORD102085,Electronics,Same-Day,1453,5.01,797.6,2,2.94,1.91,2.45,49.14
ORD102086,Electronics,Same-Day,2939,6.19,314.7,1,3.73,1.22,2.24,25.66
ORD102087,Books,Same-Day,3501,3.34,535.3,2,3.06,1.77,8.97,41.27
ORD102088,Books,Standard,2743,2.08,857.3,2,0.73,8.48,9.16,75.19
ORD102089,Beauty,Express,3286,2.88,416.7,4,3.04,3.74,4.51,42.14
ORD102090,Books,Express,1369,2.25,206.0,2,3.14,4.91,6.54,35.9
ORD102091,Fashion,Same-Day,4453,3.17,641.1,4,3.09,2.16,7.3,47.08
ORD102092,Home & Kitchen,Express,5171,4.11,683.4,8,3.53,7.75,6.66,65.06
ORD102093,Books,Same-Day,8239,5.76,678.2,10,4.87,7.86,6.16,68.8
ORD102094,Home & Kitchen,Express,2350,2.61,223.9,3,1.54,7.95,9.3,42.95
ORD102095,Books,Express,2748,3.03,235.0,6,4.17,2.35,4.74,37.48
ORD102096,FASHION,Same-Day,2286,2.17,374.7,2,3.51,7.6,3.33,33.24
ORD102097,Electronics,Standard,7134,3.27,259.9,5,2.45,2.66,7.49,39.62
ORD102098,Fashion,Express,1308,3.25,274.7,5,4.29,2.35,8.69,39.02
ORD102099,Home & Kitchen,Standard,300,4.96,363.2,1,3.15,4.87,8.58,53.28
ORD102100,Home & Kitchen,Standard,1631,2.71,845.4,1,3.89,3.41,6.33,72.46
ORD102101,Beauty,Standard,4978,2.99,379.5,6,2.63,3.97,3.83,47.46
ORD102102,Books,Same-Day,5270,4.99,745.8,6,2.16,3.2,5.7,54.19
ORD102103,Electronics,Express,4008,2.12,919.7,2,2.99,9.92,7.64,70.23
ORD102104,Electronics,Standard,3505,4.93,578.7,5,3.23,1.62,6.72,56.35
ORD102105,FASHION,Standard,2587,2.75,708.7,4,1.84,4.61,1.35,57.84
ORD102106,Electronics,Standard,6210,4.97,637.2,3,2.56,1.09,1.37,49.58
ORD102107,Fashion,Standard,3613,,489.3,4,2.39,8.89,8.98,57.87
ORD102108,Electronics,Express,5498,3.34,43.8,6,3.6,8.54,2.94,34.26
ORD102109,Electronics,Same-Day,7805,5.24,760.3,10,4.02,7.19,1.16,55.7
ORD102110,Fashion,Same-Day,5587,6.95,870.2,5,3.11,7.3,6.47,63.84
ORD102111,Home & Kitchen,Express,7177,6.36,54.3,3,2.13,7.06,4.35,35.41
ORD102112,Beauty,Standard,2022,2.63,510.2,5,2.53,9.64,1.77,54.16
ORD102113,Electronics,Standard,2987,2.63,602.1,4,2.07,2.43,9.04,62.31
ORD102114,Home & Kitchen,Express,5363,4.93,158.0,4,1.54,2.78,6.04,37.99
ORD102115,Books,Standard,2278,3.58,864.8,8,4.57,9.47,5.24,83.94
ORD102116,Fashion,Standard,1767,2.56,698.1,4,3.0,3.5,4.1,61.5
ORD102117,Fashion,Standard,6430,3.95,454.1,7,3.68,5.51,1.65,46.28
ORD102118,Electronics,Express,5247,4.78,759.8,6,3.23,1.14,1.54,49.76
ORD102119,Electronics,Express,7440,3.88,357.0,6,2.39,9.88,9.67,50.03
ORD102120,Beauty,Same-Day,2983,1.72,564.0,1,2.15,2.33,2.18,36.34
ORD102121,Beauty,Express,6753,4.32,630.5,9,4.05,8.0,4.2,58.78
ORD102122,Home & Kitchen,Express,4719,2.88,311.2,2,3.85,2.54,8.35,45.02
ORD102123,Electronics,Standard,4433,3.56,18.6,7,2.81,1.49,8.36,38.97
ORD102124,Books,Express,4846,2.89,563.4,3,2.98,9.53,9.13,62.76
ORD102125,Books,Standard,4420,2.61,506.6,3,3.73,3.0,6.58,56.17
ORD102126,Electronics,Express,7961,4.0,901.1,8,4.18,2.26,3.81,62.09
ORD102127,Beauty,Standard,3976,2.23,383.0,1,3.04,9.31,7.26,50.38
ORD102128,Books,Same-Day,1064,1.55,810.2,1,2.91,9.85,9.7,59.83
ORD102129,Books,Standard,2367,3.59,946.3,1,1.88,9.83,1.3,66.63
ORD102130,Books,Express,3040,5.54,708.9,7,2.84,3.79,3.44,56.7
ORD102131,Electronics,Same-Day,5974,1.69,546.5,1,1.78,7.17,5.88,49.29
ORD102132,Beauty,Standard,2773,2.63,858.4,4,2.25,1.2,3.83,64.74
ORD102133,Home & Kitchen,Standard,4269,3.5,141.9,5,2.01,9.37,1.39,43.12
ORD102134,Home & Kitchen,Standard,6462,4.61,850.0,6,2.51,3.87,6.23,68.21
ORD102135,Fashion,Same-Day,2537,3.2,925.8,6,2.25,2.39,1.55,50.95
ORD102136,Fashion,Express,2297,2.95,536.2,5,1.52,3.18,5.34,47.19
ORD102137,Beauty,Standard,5330,5.51,465.3,7,3.21,3.49,5.82,55.13
ORD102138,Books,Express,1827,2.39,35.0,3,1.48,5.5,9.36,30.69
ORD102139,Electronics,Express,4322,5.75,852.2,1,1.4,3.96,1.19,59.62
ORD102140,Home & Kitchen,Same-Day,4556,,204.9,5,2.82,1.85,9.97,30.78
ORD102141,Books,Standard,2120,3.08,822.4,3,2.11,8.78,3.72,66.06
ORD102142,Books,Same-Day,1998,2.19,793.5,3,3.56,4.49,2.2,49.5
ORD102143,Fashion,EXPRESS,1769,1.63,392.3,1,3.77,3.87,5.06,40.51
ORD102144,Fashion,Standard,4613,1.76,442.1,1,2.12,7.03,1.03,48.63
ORD102145,Fashion,Standard,4983,2.09,395.2,1,3.08,4.68,7.72,49.06
ORD102146,Books,Standard,1817,3.46,927.8,1,2.89,1.67,8.25,71.45
ORD102147,Books,Express,5932,6.06,572.5,10,2.93,5.99,7.19,55.43
ORD102148,Home & Kitchen,Standard,7843,3.3,214.0,5,2.45,7.76,2.51,39.38
ORD102149,Electronics,Same-Day,5345,2.79,932.4,2,4.04,5.98,1.39,56.19
ORD102150,Electronics,Standard,2443,3.96,758.8,2,1.95,5.18,5.02,68.06
ORD102151,Beauty,Same-Day,2723,3.13,451.4,6,3.09,5.84,8.86,43.59
ORD102152,Home & Kitchen,Express,1902,2.31,540.9,1,2.45,8.92,8.06,55.05
ORD102153,Home & Kitchen,Same-Day,4153,3.53,468.8,2,2.07,9.79,6.47,42.76
ORD102154,Fashion,Standard,5871,2.31,453.3,3,2.08,6.74,6.68,48.18
ORD102155,Fashion,Same-Day,6786,3.08,18.6,6,2.19,5.08,5.95,21.89
ORD102156,Home & Kitchen,Same-Day,2069,2.86,549.0,2,2.21,6.58,4.28,45.73
ORD102157,Electronics,Same-Day,6274,4.12,702.6,6,1.74,9.7,4.24,50.31
ORD102158,Books,Express,7185,3.02,260.7,3,2.72,8.52,7.75,42.43
ORD102159,Fashion ,Same-Day,6918,3.21,621.8,7,2.37,3.97,7.19,45.92
ORD102160,Fashion,Standard,3945,2.54,107.7,3,2.37,8.73,3.96,39.44
ORD102161,Electronics,Same-Day,8316,4.99,285.0,7,4.48,6.12,5.92,35.68
ORD102162,Home & Kitchen,Standard,7986,5.93,932.9,9,1.75,8.64,2.69,80.97
ORD102163,Home & kitchen,Same-Day,1796,3.57,298.9,4,3.19,3.55,2.87,25.71
ORD102164,Electronics,Express,7305,4.6,788.1,9,4.0,9.95,6.16,70.92
ORD102165,Fashion,Express,2523,2.91,858.4,4,3.0,8.53,7.06,72.36
ORD102166,Books,Same-Day,300,1.85,197.1,2,3.38,5.7,5.2,35.84
ORD102167,Beauty,Standard,5557,4.68,722.2,9,2.04,1.65,1.28,56.03
ORD102168,Books,Same-Day,5635,3.34,809.3,6,3.19,5.55,6.05,66.75
ORD102169,Books,Standard,3032,4.0,222.4,8,4.49,1.73,3.41,45.42
ORD102170,Fashion,Express,961,1.68,868.7,2,2.23,6.44,1.74,53.53
ORD102171,Electronics,Standard,1123,1.83,663.2,1,1.27,4.4,3.05,55.16
ORD102172,Books,Express,4967,3.41,242.2,3,2.18,7.71,7.01,41.89
ORD102173,Fashion,Express,4504,3.01,429.6,6,2.03,1.93,8.64,44.59
ORD102174,Fashion,Same-Day,4330,3.79,502.9,9,3.74,4.94,8.13,50.15
ORD102175,Beauty,Standard,2309,2.53,323.3,5,3.33,6.28,7.38,47.33
ORD102176,Beauty,Standard,3118,3.7,810.5,5,3.91,7.5,7.01,74.77
ORD102177,Home & Kitchen,Express,300,3.26,298.4,1,1.72,1.07,5.91,26.11
ORD102178,Books,Express,4904,3.25,326.1,5,2.53,5.73,9.75,44.46
ORD102179,Home & Kitchen,Standard,4401,2.65,58.3,1,1.13,8.74,9.24,40.77
ORD102180,Books,Express,6452,2.16,38.5,3,3.74,4.98,4.79,32.93
ORD102181,Fashion,Express,4913,4.57,708.0,8,5.05,7.86,6.2,62.48
ORD102182,Books,Same-Day,3551,3.59,499.3,6,4.51,2.86,5.68,40.26
ORD102183,Beauty,Standard,4490,2.45,560.7,3,2.6,2.44,5.86,45.02
ORD102184,Books,Express,4344,4.76,509.6,5,3.09,1.2,4.67,37.88
ORD102185,Home & Kitchen,,2958,2.89,758.9,2,0.69,5.29,9.48,69.83
ORD102186,Books,Same-Day,932,2.38,917.2,3,3.67,2.32,8.53,62.33
ORD102187,Books,Same-Day,6060,2.88,275.2,6,4.19,4.83,6.9,42.36
ORD102188,Fashion,Same-Day,1895,1.9,933.2,2,2.18,1.68,2.95,52.24
ORD102189,Books,Express,910,5.41,270.2,2,3.32,6.98,8.91,32.55
ORD102190,Electronics,Standard,5553,3.99,450.6,2,2.92,6.5,1.1,49.92
ORD102191,Books,Same-Day,2512,2.31,132.3,2,1.37,5.48,9.21,25.4
ORD102192,Beauty,Standard,3769,3.09,353.4,6,2.78,6.31,4.09,48.84
ORD102193,Fashion,Same-Day,8293,5.23,38.6,10,3.61,1.82,3.05,17.51
ORD102194,Books,Standard,6827,3.54,265.5,8,2.62,6.69,9.65,51.31
ORD102195,Books,Standard,5086,4.72,470.1,8,3.0,5.76,6.87,59.6
ORD102196,Electronics,Standard,7593,6.52,315.5,9,3.95,5.74,3.11,49.43
ORD102197,Beauty,Express,6747,3.8,701.9,7,2.15,8.21,1.01,56.2
ORD102198,Books,Express,6590,3.66,171.7,9,2.89,4.75,6.06,40.22
ORD102199,Beauty,Same-Day,4062,4.5,948.6,8,2.64,8.68,8.24,70.48
ORD102200,Fashion,Same-Day,4075,3.71,79.7,4,3.42,4.57,6.73,24.22
ORD102201,Books,Express,4059,1.71,494.1,1,3.67,6.97,2.28,41.4
ORD102202,Home & Kitchen,Express,5959,4.97,346.6,4,1.69,2.54,6.39,34.32
ORD102203,Books,Standard,6613,4.03,334.4,10,4.91,9.72,1.61,59.47
ORD102204,Home & Kitchen,Same-Day,9800,5.81,537.5,10,4.38,3.3,6.17,51.6
ORD102205,Electronics,Express,6003,3.42,278.3,4,4.09,8.98,2.08,38.08
ORD102206,Beauty,Same-Day,3433,3.53,212.6,2,1.01,6.49,8.44,26.88
ORD102207,Beauty,Standard,300,3.14,71.8,1,2.38,6.29,1.75,29.55
ORD102208,Beauty,Same-Day,301,2.55,38.1,2,3.32,8.8,5.85,23.1
ORD102209,Beauty,Same-Day,5043,1.61,155.2,1,0.99,3.73,5.74,22.77
ORD102210,Fashion,Express,4178,6.02,191.8,7,3.82,2.89,3.44,32.33
ORD102211,Fashion,Express,4069,3.88,595.0,4,3.71,5.12,7.47,57.58
ORD102212,Home & Kitchen,Same-Day,8454,7.43,847.2,7,2.31,1.87,6.54,62.58
ORD102213,Books,Standard,3043,2.28,253.3,4,2.55,3.22,9.01,42.1
ORD102214,Electronics,Same-Day,4627,4.37,596.9,5,2.62,4.9,7.23,46.05
ORD102215,Fashion,Express,4367,3.32,574.1,7,3.72,2.92,5.09,55.72
ORD102216,Home & Kitchen,Express,2982,4.15,836.6,7,3.94,7.47,7.0,66.68
ORD102217,Beauty,Express,3480,1.78,58.9,3,1.34,7.71,7.34,31.42
ORD102218,Fashion,Standard,5022,6.41,652.1,8,2.61,8.16,7.35,74.38
ORD102219,Electronics,Express,8703,3.76,148.1,6,3.27,9.81,6.97,34.55
ORD102220,BOOKS,Standard,3195,4.29,691.4,1,3.06,7.59,3.28,64.36
ORD102221,Beauty,Express,4365,3.54,403.4,7,2.73,7.37,7.61,49.2
ORD102222,Beauty,Express,4338,2.9,757.1,2,1.31,4.79,9.32,55.38
ORD102223,Beauty,Same-Day,5964,4.85,315.3,7,4.1,4.56,2.67,32.07
ORD102224,Fashion,Standard,5126,3.56,422.7,6,2.32,8.01,3.08,46.32
ORD102225,Books,Standard,300,2.96,869.7,1,1.31,1.63,5.14,61.91
ORD102226,home & Kitchen,Same-Day,2270,3.48,619.6,4,3.24,4.13,2.44,44.14
ORD102227,Home & Kitchen,Standard,5064,4.41,891.6,5,1.77,8.45,1.82,71.17
ORD102228,Electronics,Express,4273,2.69,637.0,4,2.9,5.94,1.5,48.31
ORD102229,Books,Express,3519,3.54,695.1,8,4.06,6.77,4.84,69.24
ORD102230,Beauty,Same-Day,5540,3.38,692.7,6,4.09,2.61,7.1,49.93
ORD102231,Beauty,Express,3695,1.57,62.5,1,3.77,3.75,3.08,24.15
ORD102232,Home & Kitchen,Same-Day,3164,4.97,209.8,5,2.63,4.6,9.65,36.58
ORD102233,Home & Kitchen,Same-Day,505,4.33,629.7,1,2.22,2.35,3.46,38.59
ORD102234,Home & Kitchen,Express,4760,4.64,400.6,4,2.37,5.14,1.95,48.36
ORD102235,Home & Kitchen,Express,6291,4.14,886.1,8,4.45,7.13,4.0,71.55
ORD102236,Fashion,Express,5349,2.58,754.9,3,3.12,5.62,8.58,65.96
ORD102237,Electronics,Standard,4710,2.43,684.3,2,1.83,4.28,3.98,63.02
ORD102238,Fashion,Standard,6499,2.27,678.3,3,1.9,8.24,1.94,55.77
ORD102239,Books,Express,2999,3.43,113.2,2,2.72,3.25,7.78,33.42
ORD102240,Home & Kitchen,Express,2561,3.37,436.4,4,3.08,3.08,9.98,57.35
ORD102241,Books,Same-Day,,4.36,520.5,8,2.22,7.97,5.67,42.67
ORD102242,Home & Kitchen,Express,300,2.63,698.4,1,2.59,7.21,8.07,60.71
ORD102243,Home & Kitchen,standard ,300,2.53,524.0,1,2.5,7.38,8.02,62.15
ORD102244,Electronics,Standard,3909,3.93,797.9,2,1.37,7.27,6.8,72.27
ORD102245,Fashion,Express,6383,3.63,496.9,9,3.75,4.08,8.55,53.39
ORD102246,Books,Same-Day,1855,3.81,303.9,5,1.66,8.12,1.97,30.81
ORD102247,Home & Kitchen,Standard,4197,4.66,690.9,8,4.09,9.42,2.47,62.83
ORD102248,Fashion,Express,4671,4.99,231.2,6,3.36,8.4,4.52,40.63
ORD102249,Home & Kitchen,Express,7210,6.22,898.8,10,4.89,3.24,8.85,77.46
ORD102250,Fashion,Standard,4118,3.85,561.9,5,3.22,5.96,6.23,57.1
ORD102251,Home & Kitchen,Same-Day,2545,3.8,679.2,3,4.12,4.84,3.52,57.14
ORD102252,Beauty,Express,6741,4.36,560.1,6,3.82,8.86,4.89,58.29
ORD102253,Fashion,EXPRESS,1623,2.12,376.9,1,3.77,4.68,3.87,34.67
ORD102254,Books,Standard,5470,6.69,234.1,7,4.35,9.21,5.97,51.09
ORD102255,Electronics,Express,5385,3.63,568.7,4,2.71,6.22,5.24,50.03
ORD102256,Fashion,Same-Day,7182,4.63,122.7,7,2.59,3.98,3.34,25.29
ORD102257,Home & Kitchen,Express,5545,3.71,903.7,1,1.59,1.76,3.19,52.18
ORD102258,Beauty,Same-Day,6012,3.33,861.7,6,3.09,1.59,1.1,51.49
ORD102259,Fashion,Standard,5089,3.39,741.3,6,1.68,9.63,6.2,72.27
ORD102260,Fashion,Standard,3192,1.76,181.4,1,1.35,9.05,2.32,41.41
ORD102261,Electronics,Express,4371,3.66,50.1,1,2.64,2.34,4.89,27.73
ORD102262,Beauty,Same-Day,4178,3.53,608.4,6,3.05,9.57,8.92,64.7
ORD102263,Electronics,Standard,9471,3.42,166.4,7,3.09,3.43,2.6,33.73
ORD102264,Fashion,Standard,1461,3.31,223.3,5,1.92,6.84,3.05,38.02
ORD102265,Books,Express,6899,4.18,585.8,6,2.33,9.95,1.79,46.97
ORD102266,Fashion,Express,2829,3.14,569.2,4,1.73,7.66,7.79,55.85
ORD102267,Home & Kitchen,Express,2172,5.61,205.5,4,3.59,6.81,9.68,47.29
ORD102268,Beauty,Standard,4673,2.93,468.1,4,4.11,1.7,7.84,53.98
ORD102269,Books,Express,2140,5.31,656.8,1,1.79,7.38,1.12,41.55
ORD102270,Electronics,Standard,3345,3.94,599.8,2,1.87,4.87,9.84,64.94
ORD102271,Home & Kitchen,Same-Day,2042,3.48,215.1,3,4.04,5.23,9.25,44.1
ORD102272,Home & Kitchen,Express,6879,4.96,537.6,4,1.86,1.88,4.88,47.35
ORD102273,Beauty,Same-Day,6317,4.77,416.5,10,2.54,5.68,8.65,40.02
ORD102274,Electronics,Same-Day,8074,3.51,279.4,7,2.23,8.89,3.05,39.88
ORD102275,Home & Kitchen,Same-Day,4746,2.88,621.2,1,3.26,3.35,1.79,37.05
ORD102276,Home & Kitchen,Express,6613,5.18,532.5,10,4.54,3.61,5.18,53.5
ORD102277,Home & Kitchen,Express,3058,2.97,3507.0,1,1.25,1.79,4.39,38.2
ORD102278,Beauty,Standard,4582,2.58,757.6,3,3.71,1.2,5.38,64.31
ORD102279,Beauty,Express,1142,2.0,793.7,2,1.77,2.33,6.69,50.06
ORD102280,Fashion,Express,1028,1.48,873.4,1,2.93,7.82,8.97,68.17
ORD102281,Beauty,Standard,3989,1.51,556.8,2,2.47,3.37,3.3,46.74
ORD102282,Electronics,Express,3695,3.07,651.8,4,4.49,7.49,8.09,62.21
ORD102283,Electronics,Standard,4579,3.03,738.0,2,2.38,9.19,1.69,63.09
ORD102284,Fashion,Standard,2391,4.1,706.3,4,3.22,6.73,5.92,66.32
ORD102285,Books,Standard,8848,6.38,751.1,8,4.59,2.45,5.44,62.62
ORD102286,Books,Standard,2938,2.33,256.2,2,1.04,1.27,3.65,28.56
ORD102287,Beauty,Standard,5032,1.88,878.8,3,1.81,4.34,6.44,63.68
ORD102288,Books,Express,6005,1.85,420.9,3,3.15,7.25,3.61,43.45
ORD102289,Home & Kitchen,Standard,6459,3.7,79.0,7,2.79,9.71,3.38,44.1
ORD102290,Fashion,Express,4401,4.87,676.3,6,3.42,8.79,4.26,63.79
ORD102291,Electronics,Same-Day,2200,3.01,907.3,2,1.78,7.53,3.65,58.29
ORD102292,Fashion,Same-Day,5345,3.29,94.6,6,2.93,1.0,6.42,26.52
ORD102293,Books,Standard,954,2.35,360.7,1,1.11,4.96,1.16,47.54
ORD102294,Beauty,Same-Day,2344,2.7,331.8,2,2.68,3.76,4.76,33.0
ORD102295,Books,Express,8100,3.79,920.7,10,5.01,8.52,4.53,73.85
ORD102296, electronics,Express,5488,3.6,475.0,8,4.94,2.78,9.6,58.28
ORD102297,Books,Express,3666,3.93,775.3,2,3.42,8.56,6.31,61.29
ORD102298,Books,Standard,5731,3.56,140.7,3,4.44,6.22,4.98,42.15
ORD102299,Home & Kitchen,Standard,3821,2.66,151.0,2,3.08,8.77,8.53,47.43
ORD102300,Fashion,Same-Day,3010,1.84,169.3,2,3.85,4.95,5.41,26.75
ORD102301,Electronics,Same-Day,5660,5.04,891.5,7,1.85,8.77,5.53,69.06
ORD102302,Fashion,Express,1886,3.62,705.2,3,2.83,7.1,2.94,48.67
ORD102303,Books,Express,4713,,280.1,3,3.15,6.22,8.48,38.37
ORD102304,Home & Kitchen,Express,4044,4.02,306.8,6,3.67,7.95,5.86,41.31
ORD102305,Fashion,Same-Day,5524,3.26,522.8,7,-1.1,6.1,1.76,39.75
ORD102306,Electronics,Standard,3343,2.49,487.1,1,3.7,5.65,1.14,46.36
ORD102307,Fashion,Same-Day,300,1.73,546.0,1,2.01,9.57,7.07,39.61
ORD102308,Electronics,Standard,4009,2.28,422.4,3,3.1,4.38,9.14,56.18
ORD102309,Fashion,Standard,5177,2.37,93.2,3,2.73,5.54,8.38,41.04
ORD102310,Fashion,Express,570,2.37,769.8,2,1.95,9.68,5.77,64.58
ORD102311,Books,Express,1965,3.11,587.2,3,3.28,7.87,1.21,50.22
ORD102312,Home & Kitchen,Same-Day,6634,5.05,115.2,8,4.75,4.95,5.4,31.23
ORD102313,Fashion,Same-Day,1737,3.52,29.5,1,2.7,8.68,9.4,26.03
ORD102314,Electronics,Standard,4565,4.69,563.7,7,1.93,6.77,6.85,63.87
ORD102315,Beauty,Same-Day,6706,4.29,42.9,8,2.39,5.98,9.47,36.81
ORD102316,Electronics,Standard,3718,3.47,574.3,6,4.4,2.9,2.9,56.98
ORD102317,Home & Kitchen,Express,4305,3.99,680.2,1,3.21,6.26,9.03,60.1
ORD102318,Fashion,Same-Day,4477,3.39,697.3,2,2.14,1.74,6.18,36.23
ORD102319,Home & Kitchen,Standard,5738,3.83,380.4,6,2.28,3.95,9.29,54.33
ORD102320,Home & Kitchen,Express,2968,3.21,554.4,4,1.71,1.88,6.27,44.57
ORD102321,Books,Same-Day,4285,5.03,211.1,10,3.97,4.32,9.03,36.79
ORD102322,Home & Kitchen,Express,7087,4.67,743.3,8,3.3,1.99,4.18,53.12
ORD102323,Electronics,Same-Day,8621,4.44,293.5,10,4.61,6.61,9.39,52.28
ORD102324,Electronics,Standard,4188,4.99,37.8,3,3.63,1.12,6.21,36.65
ORD102325,Fashion,Standard,4634,5.02,532.1,5,1.51,3.27,1.96,51.23
ORD102326,Fashion,Express,6973,5.85,680.8,7,3.19,3.72,8.22,57.42
ORD102327,Electronics,Express,2989,3.7,238.7,4,2.19,4.55,4.31,34.25
ORD102328,Books,Express,6282,4.54,71.7,8,3.97,2.36,8.91,35.92
ORD102329,Beauty,Standard,2188,3.27,908.0,1,2.2,7.66,7.86,78.94
ORD102330,Beauty,Express,2040,4.04,527.9,5,3.82,2.65,8.71,54.15
ORD102331,Home & Kitchen,Express,3926,4.41,675.6,7,1.85,3.96,5.73,64.49
ORD102332,Fashion,Standard,1045,2.13,636.6,3,3.69,4.38,7.64,57.26
ORD102333,Fashion,Express,2759,2.65,877.6,2,2.0,2.99,3.4,56.93
ORD102334,Electronics,Same-Day,6736,3.69,102.4,6,2.74,7.69,8.81,35.31
ORD102335,Electronics,Standard,9676,3.66,783.1,5,3.48,4.4,3.77,64.69
ORD102336,Books,Standard,10127,3.63,465.5,8,2.95,6.98,3.35,56.94
ORD102337,Books,Same-Day,3000,3.2,265.3,1,2.01,9.9,2.52,24.3
ORD102338,Fashion,Express,1388,1.72,712.3,2,1.76,1.23,5.88,49.42
ORD102339,Electronics,Same-Day,6493,4.25,937.0,6,1.74,2.02,1.33,44.78
ORD102340,Books,Standard,3714,4.24,581.0,8,2.08,1.03,9.58,59.43
ORD102341,Home & Kitchen,Standard,2508,2.69,827.8,3,2.46,7.08,8.34,79.88
ORD102342,Fashion,STANDARD,1000,1.46,361.2,1,1.96,9.54,2.18,41.19
ORD102343,Books,Standard,4225,2.91,468.4,5,3.16,6.57,6.22,53.39
ORD102344,Books,Express,3216,2.25,922.7,3,1.71,2.9,2.68,63.39
ORD102345,Home & Kitchen,Express,4717,3.32,549.4,4,1.96,4.74,2.77,56.42
ORD102346,Fashion,Standard,7996,4.03,220.4,8,4.45,2.69,9.8,49.59
ORD102347,Books,Same-Day,3262,5.38,298.2,5,1.86,8.74,7.07,39.85
ORD102348,Electronics,Standard,4491,2.44,246.9,3,3.25,4.86,3.93,50.45
ORD102349,Fashion,Standard,2616,3.25,366.1,2,3.69,5.24,6.59,45.83
ORD102350,Home & Kitchen,Same-Day,300,3.13,549.9,1,3.66,7.3,1.47,41.04
ORD102351,Beauty,Express,3682,3.09,135.7,4,3.23,3.98,8.77,34.05
ORD102352,Beauty,Standard,2678,2.48,903.2,5,3.84,5.48,9.41,74.7
ORD102353,Fashion,Express,2703,3.05,802.3,6,3.51,1.09,5.74,52.28
ORD102354,Fashion,Express,6290,4.61,727.2,7,2.58,7.91,3.86,57.74
ORD102355,Electronics,Standard,6245,4.21,417.6,2,1.94,9.3,6.55,53.74
ORD102356,Electronics,Same-Day,7551,4.37,546.5,6,2.44,3.75,2.73,34.01
ORD102357,Books,Standard,5777,3.24,814.3,5,1.34,6.33,9.97,72.68
ORD102358,Beauty,Same-Day,1918,3.09,584.7,1,2.61,6.49,3.63,38.95
ORD102359, electronics,Same-Day,5869,4.25,354.7,5,1.3,6.16,9.93,53.63
ORD102360,Electronics,Standard,6587,3.03,177.4,3,3.05,8.93,2.56,48.72
ORD102361,Home & Kitchen,Standard,2902,3.29,660.2,3,1.43,5.64,1.65,57.09
ORD102362,Books,Express,2704,2.55,54.0,5,1.83,3.16,8.24,31.09
ORD102363,Home & Kitchen,Standard,1418,3.0,264.5,3,2.99,5.66,5.53,42.45
ORD102364,Beauty,Same-Day,7130,4.08,168.4,6,2.77,2.23,7.09,24.15
ORD102365,Beauty,Standard,4162,2.89,424.2,6,3.34,6.43,2.61,53.81
ORD102366,Fashion,Express,8401,5.51,401.4,10,3.73,8.5,4.7,54.51
ORD102367,Home & Kitchen,Express,6467,4.13,644.5,7,3.86,2.64,5.05,61.75
ORD102368,Home & Kitchen,Express,6466,6.35,141.8,8,3.93,9.27,1.53,40.23
ORD102369,Books,Standard,982,3.15,802.0,2,2.11,7.28,8.08,74.31
ORD102370,Electronics,Standard,4416,3.22,293.6,3,2.29,6.82,7.11,51.36
ORD102371,Home & Kitchen,Standard,2374,3.28,718.5,1,2.62,4.72,,64.06
ORD102372,Books,Express,5151,4.15,892.8,9,2.91,5.34,7.13,79.81
ORD102373,Fashion,Standard,3867,2.25,681.5,3,3.87,3.98,4.81,62.09
ORD102374,Fashion,Same-Day,4840,5.01,212.8,8,4.3,2.92,1.36,27.31
ORD102375,Fashion,Express,5784,4.72,616.6,7,3.3,4.49,1.21,51.7
ORD102376,Electronics,Express,3753,2.3,665.2,2,3.73,6.28,2.83,52.64
ORD102377,Fashion,Same-Day,7131,5.08,670.9,6,2.42,9.91,1.33,54.15
ORD102378,Beauty,Express,4072,3.33,670.2,5,1.96,8.77,3.57,55.79
ORD102379,Fashion,Express,3849,4.6,846.2,6,2.17,2.92,1.97,54.21
ORD102380,Electronics,Standard,6951,4.35,922.8,8,4.83,2.84,3.02,71.48
ORD102381,Books,Express,6251,2.61,529.2,4,3.56,1.12,2.95,40.14
ORD102382,Home & Kitchen,Express,4729,2.94,250.3,4,3.43,8.28,7.18,47.6
ORD102383,Books,Standard,300,2.81,921.1,2,3.44,5.37,9.89,75.47
ORD102384,Fashion,Same-Day,2143,2.4,324.9,2,2.38,1.37,3.21,25.06
ORD102385,Electronics,Same-Day,6151,3.66,904.8,7,3.98,8.96,2.8,66.47
ORD102386,Fashion,Standard,4237,4.19,247.0,7,4.11,5.96,4.31,43.9
ORD102387,Electronics,Standard,9231,5.83,360.5,10,4.32,8.47,2.8,50.85
ORD102388,Fashion,Express,6667,4.25,476.1,7,1.95,7.56,2.14,37.23
ORD102389, beauty ,Same-Day,2982,2.87,127.3,2,1.12,2.38,9.11,21.38
ORD102390,Books,Express,2049,3.92,564.6,1,1.66,9.35,4.54,55.17
ORD102391,Home & Kitchen,Same-Day,3403,4.89,452.9,1,1.31,7.97,4.49,39.9
ORD102392,Home & Kitchen,Same-Day,7554,4.04,287.1,8,3.1,8.38,5.86,38.86
ORD102393,Electronics,Same-Day,3176,3.95,368.0,4,2.34,2.89,,28.63
ORD102394,Electronics,Standard,6441,3.7,449.5,7,3.22,1.71,9.83,58.27
ORD102395,Books,Standard,5574,5.13,416.4,9,2.55,8.95,4.99,60.4
ORD102396,Books,Express,6121,3.72,63.6,9,2.61,8.47,5.05,42.62
ORD102397,Electronics,Standard,3846,5.03,538.9,5,4.01,4.12,9.04,66.86
ORD102398,Electronics,Standard,5390,8.21,316.1,7,3.73,2.76,3.33,51.96
ORD102399,Books,Same-Day,5749,3.79,807.9,1,2.55,3.98,8.3,47.33
ORD102400,Electronics,Standard,1971,3.65,803.6,2,2.92,7.89,4.17,64.32
ORD102401,Beauty,Express,300,3.59,51.3,2,2.87,2.93,7.92,33.95
ORD102402,Beauty,Same-Day,1380,1.99,255.6,4,3.42,3.53,9.18,34.74
ORD102403,Books,Same-Day,2532,1.89,544.5,1,1.37,3.65,8.75,
ORD102404,Books,Standard,2547,2.9,881.5,6,2.91,6.39,4.78,75.68
ORD102405,Beauty,Express,883,2.52,914.9,3,1.34,3.32,4.31,53.72
ORD102406,Home & Kitchen,Standard,2793,4.15,413.7,3,3.18,8.65,2.59,59.06
ORD102407,Home & Kitchen,Same-Day,8966,6.44,865.0,6,2.38,9.57,3.49,66.38
ORD102408,Books,Standard,1065,3.22,23.0,2,3.97,1.73,5.26,32.09
ORD102409,Beauty,Express,424,3.64,907.0,1,2.88,2.28,6.28,65.06
ORD102410,Beauty,Standard,3526,4.49,-310,7,4.72,1.8,4.98,58.58
ORD102411,Books,Standard,4865,3.81,53.0,7,2.15,2.66,3.06,30.82
ORD102412,Books,Same-Day,5212,3.14,349.5,6,4.55,6.05,1.15,33.4
ORD102413,Beauty,Express,4989,1.37,612.2,1,3.28,3.01,7.61,56.36
ORD102414,Home & Kitchen,Same-Day,3604,2.61,869.6,2,2.46,2.44,8.68,65.41
ORD102415,Electronics,Express,5418,3.59,838.2,4,1.4,7.02,6.47,60.07
ORD102416,Home & Kitchen,Standard,4660,4.21,49.4,3,2.28,1.58,8.8,34.52
ORD102417,Fashion,Express,3203,2.64,268.2,3,3.68,4.99,11.3,37.26
ORD102418,Books,Same-Day,2864,2.18,833.2,2,3.11,9.8,7.12,53.56
ORD102419,Beauty,Standard,6868,3.53,56.0,9,2.58,3.79,5.93,48.57
ORD102420,Home & Kitchen,Standard,5831,5.47,385.3,4,2.48,9.61,3.07,56.66
ORD102421,Fashion,Same-Day,3096,6.4,778.9,1,1.5,5.83,9.62,53.03
ORD102422,Home & Kitchen,Same-Day,4020,3.25,429.3,1,1.22,9.7,6.74,47.9
ORD102423,Fashion,Same-Day,1026,2.24,242.6,2,2.6,8.85,7.3,31.78
ORD102424,Fashion,Standard,2961,2.47,606.0,2,1.86,7.61,7.02,54.54
ORD102425,Books,Express,300,4.24,156.2,1,2.95,3.88,1.41,29.46
ORD102426,Books,Standard,5953,3.87,530.0,5,1.49,6.45,2.41,49.76
ORD102427,Home & Kitchen,Express,2958,3.0,363.1,3,1.46,9.8,8.88,47.17
ORD102428,Beauty,Express,1741,2.42,426.6,2,1.56,4.17,9.96,47.84
ORD102429,Home & Kitchen,Standard,6887,5.08,866.6,6,2.94,3.47,6.36,78.06
ORD102430,Books,Standard,4186,4.68,657.9,9,4.59,7.59,3.95,66.84
ORD102431,Home & Kitchen,Same-Day,2536,4.5,521.8,5,2.78,1.7,7.07,40.21
ORD102432,Beauty,Same-Day,6984,4.52,454.3,8,1.99,3.32,8.75,45.63
ORD102433,Beauty,Same-Day,1156,3.25,244.8,3,2.14,4.32,7.09,28.9
ORD102434,Books,Standard,4645,2.94,373.7,5,3.02,2.68,9.48,53.12
ORD102435,Fashion,Same-Day,1240,5.77,33.6,6,2.74,5.55,2.68,16.69
ORD102436,Home & Kitchen,Standard,5636,3.46,320.7,4,1.5,8.13,6.46,53.51
ORD102437,Beauty,Standard,5421,3.62,836.6,5,4.66,4.57,2.33,65.32
ORD102438,Beauty,Same-Day,3592,4.71,348.2,6,2.8,6.67,5.41,40.31
ORD102439,Beauty,Express,4507,2.52,599.1,3,2.26,4.68,6.14,44.05
ORD102440,Home & Kitchen,Same-Day,4762,3.12,900.7,3,1.92,9.26,8.44,66.81
ORD102441,Electronics,Same-Day,996,3.03,309.3,1,1.95,1.77,8.4,29.55
ORD102442,Beauty,Express ,1941,3.35,421.8,3,1.75,9.43,5.87,52.15
ORD102443, beauty ,Express,6092,2.94,686.8,6,4.7,5.93,9.19,66.51
ORD102444,Home & Kitchen,Standard,5830,5.27,31.7,2,3.3,3.17,1.71,22.32
ORD102445,Fashion,Same-Day,7791,3.53,231.0,6,3.13,4.45,9.8,46.87
ORD102446,Home & Kitchen,Same-Day,6632,5.68,211.5,7,1.96,5.65,9.08,29.54
ORD102447,Electronics,Express,5795,3.19,704.1,6,2.39,0.0,7.31,56.62
ORD102448,Fashion,Express,4727,3.04,381.7,4,4.36,4.88,2.77,39.07
ORD102449,Beauty,Same-Day,3579,2.08,522.8,2,2.17,6.98,1.3,31.94
ORD102450,Beauty,Express,4059,4.28,283.8,4,4.12,8.28,6.56,48.88
ORD102451,Electronics,Standard,2827,7.78,314.1,5,3.56,8.91,7.31,55.38
ORD102452,Fashion,Express,751,3.71,780.7,5,3.94,5.62,6.13,60.1
ORD102453,Electronics,Standard,5482,8.4,924.1,5,2.72,1.89,7.19,73.35
ORD102454,Home & Kitchen,Same-Day,3848,4.22,328.8,2,1.55,8.16,8.9,48.06
ORD102455,,Express,3715,3.12,538.5,2,1.55,9.29,7.03,57.96
ORD102456,Home & Kitchen,Express,2844,2.73,201.7,1,3.65,8.16,8.14,41.47
ORD102457,Electronics,Same-Day,4230,2.6,809.5,2,1.18,9.35,1.76,50.36
ORD102458,Beauty,Same-Day,7273,3.76,841.7,10,4.5,4.42,1.26,59.62
ORD102459,Home & Kitchen,Same-Day,2609,3.14,261.0,2,2.89,4.61,9.51,39.27
ORD102460,Beauty,Same-Day,3396,1.91,398.5,1,1.98,6.39,9.07,36.94
ORD102461,Fashion,Express,4616,2.61,949.7,5,2.08,5.16,4.2,64.75
ORD102462,Electronics,Express,3728,5.19,74.6,4,4.08,8.63,5.72,38.41
ORD102463,Electronics,Same-Day,3082,2.3,400.0,1,2.43,2.31,9.69,45.02
ORD102464,Fashion,Same-Day,2277,3.11,372.4,4,2.19,3.33,12.8,26.31
ORD102465,Fashion,Same-Day,3402,4.17,161.8,9,4.52,9.59,3.24,38.64
ORD102466,Beauty,Standard,3485,2.92,667.0,7,3.25,2.91,1.71,58.04
ORD102467,Electronics,Same-Day,4554,3.27,35.9,4,3.88,9.52,6.06,20.27
ORD102468,Books,Express,3952,2.94,614.1,5,4.55,3.75,7.11,51.47
ORD102469,Books,Standard,3708,2.18,163.0,2,2.4,4.3,5.13,31.59
ORD102470,Fashion,Same-Day,6265,3.86,804.3,6,1.79,6.63,5.58,56.41
ORD102471,Books,Same-Day,2704,2.68,514.8,5,3.94,5.57,8.92,52.37
ORD102472,Books,Standard,300,2.31,148.7,2,1.03,6.49,7.8,38.17
ORD102473,Home & Kitchen,Standard,8910,5.34,591.2,9,3.62,3.27,9.11,62.18
ORD102474,Electronics,Same-Day,7043,3.3,768.4,7,2.39,5.33,5.57,51.15
ORD102475,Books,Standard,5659,4.64,397.6,9,1.69,5.15,9.95,57.38
ORD102476,Home & Kitchen,Same-Day,4315,4.01,276.6,6,4.17,3.9,4.34,34.21
ORD102477,Home & Kitchen,Same-Day,5483,4.59,781.5,6,1.34,6.67,2.53,51.09
ORD102478,Beauty,Same-Day,2086,4.46,412.1,5,2.84,4.05,4.36,31.08
ORD102479,Beauty,Same-Day,5381,3.5,531.2,7,3.27,3.24,5.1,45.08
ORD102480,Fashion,Express,5021,8.28,297.9,9,4.38,1.23,4.21,41.38
ORD102481,Fashion,Express,5592,1.89,236.5,1,0.91,6.21,1.96,32.51
ORD102482,Fashion,Same-Day,3548,2.73,188.9,4,3.45,6.25,3.22,24.91
ORD102483,Electronics,Standard,3339,3.02,925.3,3,1.89,2.83,3.36,65.06
ORD102484,Books,Standard,5049,4.28,717.2,6,3.31,2.44,7.01,65.43
ORD102485,Electronics,Standard,2151,1.88,83.6,1,1.42,6.9,6.02,35.68
ORD102486,Beauty,EXPRESS,9039,4.86,187.9,7,2.01,4.91,7.78,40.97
ORD102487,Home & Kitchen,Standard,2755,5.27,501.7,2,2.45,1.95,5.6,47.93
ORD102488,Electronics ,Standard,4345,3.4,702.3,3,1.69,2.45,9.15,66.64
ORD102489,Beauty,Express,5483,4.27,599.3,6,3.05,6.66,6.36,54.8
ORD102490,Home & Kitchen,standard ,5369,3.05,244.7,3,3.06,1.73,8.12,38.92
ORD102491,Beauty,Same-Day,2228,2.4,899.5,1,2.1,9.82,9.28,67.13
ORD102492,Home & kitchen,Express,3933,2.37,71.2,1,2.01,9.95,6.9,29.36
ORD102493,Books,Same-Day,8188,4.74,600.7,10,2.77,2.52,3.87,44.16
ORD102494,Home & Kitchen,Express,8549,6.47,160.4,8,3.81,7.07,7.58,53.61
ORD102495,Beauty,Express,4604,2.42,92.1,3,3.64,3.59,3.04,23.89
ORD102496,Electronics,Same-Day,4759,3.95,838.6,8,2.86,5.21,2.22,53.07
ORD102497,Books,Express,1891,4.63,7167.0,5,3.4,2.13,9.17,57.61
ORD102498,Beauty,Standard,6127,4.42,304.7,10,3.35,6.31,2.18,46.31
ORD102499,Fashion,Standard,4869,3.83,670.4,8,3.05,3.72,9.29,77.79
ORD102500,Electronics,Same-Day,6044,3.66,589.3,6,3.35,6.25,8.72,50.31
ORD102501,Beauty,Express,4846,3.48,366.8,7,2.97,5.78,7.92,44.52
ORD102502,Electronics,Express,6234,4.56,426.5,8,3.65,5.36,9.66,57.85
ORD102503,Home & Kitchen,Express,4354,4.79,537.5,8,2.1,5.64,2.42,41.39
ORD102504,Beauty,Same-Day,4111,1.39,338.5,1,1.48,3.7,4.35,24.31
ORD102505,Beauty,Express,6348,2.97,825.9,5,1.63,4.75,8.44,60.05
ORD102506,Fashion,Standard,3515,-3.4,28.3,3,2.42,3.84,5.66,32.8
ORD102507,Fashion,Express,1599,3.28,816.6,3,1.37,8.85,1.98,54.49
ORD102508,Fashion,Same-Day,7509,4.91,104.3,6,4.06,3.57,6.8,28.5
ORD102509,Fashion,Standard,4335,3.27,888.7,2,3.3,5.26,2.31,60.18
ORD102510,Fashion,Express,5148,4.53,853.0,7,1.27,8.35,4.22,62.25
ORD102511,Home & Kitchen,Standard,3499,4.06,334.5,6,1.36,6.65,2.74,50.15
ORD102512,Home & Kitchen,Express,6037,3.24,406.0,4,1.61,7.17,6.07,51.33
ORD102513,Home & Kitchen,Standard,5940,5.78,401.3,9,3.67,7.8,9.26,62.74
ORD102514,Home & Kitchen,Same-Day,5435,4.74,740.8,5,2.47,8.41,6.2,57.71
ORD102515,Books,Express,2552,1.67,169.9,2,0.89,7.4,2.59,24.6
ORD102516,Fashion,Standard,4639,2.99,753.3,2,3.43,3.06,9.76,66.28
ORD102517,Home & Kitchen,Standard,4799,3.33,766.9,3,1.27,7.4,8.76,70.73
ORD102518,Beauty,Express,7884,4.31,218.1,10,3.05,5.87,5.11,45.72
ORD102519,Beauty,Standard,2885,2.9,905.4,3,2.17,9.25,8.4,75.97
ORD102520,Home & Kitchen,Standard,5705,-3.0,701.3,1,3.14,6.62,6.14,68.76
ORD102521,Books,Standard,300,1.99,624.5,1,2.36,8.62,8.16,62.42
ORD102522,Beauty,Same-Day,300,1.79,235.5,1,3.66,6.23,4.6,27.99
ORD102523,Books,Same-Day,3358,-2.7,494.8,5,2.49,9.94,6.68,44.24
ORD102524,Electronics,Standard,5470,5.04,499.2,4,1.81,1.28,8.4,47.4
ORD102525,Electronics,Express,4055,3.22,172.1,3,1.19,2.16,6.5,18.09
ORD102526,Fashion,Same-Day,3098,3.0,915.3,6,2.01,5.08,1.56,49.86
ORD102527,Beauty,Same-Day,4116,3.31,687.0,8,4.19,7.72,9.63,62.04
ORD102528,Electronics,Standard,26040,3.19,20.0,1,1.5,7.92,7.79,37.95
ORD102529,Books,Express,3262,2.34,208.2,3,2.51,7.53,2.95,38.26
ORD102530,Beauty,Same-Day,3911,2.96,918.4,6,3.47,7.63,5.96,68.39
ORD102531,Beauty,EXPRESS,4328,3.97,407.3,5,1.77,8.75,3.43,49.4
ORD102532,Fashion,Same-Day,2398,2.39,699.4,2,2.48,3.47,6.67,54.0
ORD102533,Fashion,Express,5604,4.31,285.8,6,1.47,7.34,4.12,41.38
ORD102534,Beauty,Same-Day,3446,3.33,52.4,7,3.22,2.65,2.57,12.78
ORD102535,Electronics,Standard,5469,3.45,668.1,4,3.31,5.86,5.31,67.6
ORD102536,Electronics,Standard,7822,6.13,554.5,10,3.61,4.75,1.24,62.26
ORD102537,Electronics,Same-Day,3724,2.87,369.1,4,2.61,5.5,6.89,34.85
ORD102538,Fashion,Standard,6121,4.87,83.2,6,2.96,2.35,7.75,40.22
ORD102539,Home & Kitchen,Express,8081,3.67,759.1,6,2.45,8.87,7.85,60.83
ORD102540,Books,Same-Day,1682,2.52,447.5,1,1.81,4.86,9.74,46.77
ORD102541,Books,Same-Day,4791,3.73,304.6,8,1.64,3.28,5.34,32.18
ORD102542,Beauty,Standard,3495,3.74,46.6,7,1.6,5.39,6.83,41.62
ORD102543,Home & Kitchen,Standard,2049,4.28,426.6,9,2.03,3.0,1.85,43.02
ORD102544,Electronics,Same-Day,8941,3.05,109.2,5,3.83,9.05,3.33,27.99
ORD102545,Beauty,Same-Day,7759,4.11,182.3,9,3.98,2.23,6.51,28.61
ORD102546,Home & Kitchen,Same-Day,47510,3.8,364.9,6,4.47,3.23,5.06,40.38
ORD102547,Fashion ,Standard,5021,2.0,227.6,1,1.84,6.96,1.24,42.14
ORD102548,Beauty,Standard,4683,4.08,784.8,9,2.16,2.25,5.08,65.57
ORD102549,Electronics,Express,871,2.65,713.3,2,2.12,9.77,5.68,56.3
ORD102550,Fashion,Standard,6387,3.71,797.0,4,1.31,2.39,8.43,64.6
ORD102551,Fashion,Express,5772,4.74,908.2,8,3.16,4.93,4.69,69.3
ORD102552,Electronics,Express,7656,3.14,893.8,5,1.5,8.73,5.07,64.92
ORD102553,Beauty,Express,7563,4.76,373.2,10,2.29,1.96,7.66,47.78
ORD102554,Books,Standard,2157,2.1,188.3,3,1.65,9.17,5.43,46.5
ORD102555,Fashion,Standard,2543,2.73,225.1,5,2.22,8.66,2.07,42.98
ORD102556,Beauty,Standard,5081,4.75,156.8,8,2.37,1.92,7.19,45.31
ORD102557,Beauty,Same-Day,4998,3.14,123.7,5,3.57,5.0,2.92,19.14
ORD102558,Electronics,Standard,3276,3.84,463.3,4,3.03,7.97,2.63,56.13
ORD102559,Books,express,4159,2.31,838.1,5,3.86,4.07,6.07,60.29
ORD102560,Fashion,Standard,7885,3.69,361.3,7,4.5,9.44,8.81,53.6
ORD102561,Home & Kitchen,Same-Day,5008,3.33,603.4,4,4.1,4.25,13.2,37.71
ORD102562,Beauty,Standard,837,1.77,788.2,3,1.13,7.53,7.36,75.4
ORD102563,Books,Express,3303,4.64,822.1,6,4.18,4.12,4.94,62.05
ORD102564,Electronics,Same-Day,2740,3.63,87.0,4,1.95,2.72,1.86,14.6
ORD102565,Books,Express,5838,4.55,479.0,10,2.93,2.92,4.8,52.7
ORD102566,Beauty,Same-Day,5330,3.13,17.7,8,3.14,9.15,9.34,31.82
ORD102567,Books,Same-Day,6452,4.4,689.2,9,3.27,6.28,8.38,59.54
ORD102568,Fashion,Express,300,2.89,896.8,1,1.75,3.49,1.42,53.99
ORD102569,Fashion,Standard,5518,3.78,364.1,5,3.2,4.95,2.19,45.04
ORD102570,Fashion,Standard,1041,2.74,938.0,4,2.26,5.06,9.81,73.46
ORD102571,Home & Kitchen,Standard,5925,3.81,704.8,3,2.59,8.97,4.17,66.75
ORD102572,Home & Kitchen,Express,1489,2.95,88.1,3,3.97,7.16,4.33,28.14
ORD102573,Beauty,Express,3402,3.3,542.6,4,2.96,9.19,6.81,59.03
ORD102574,Books,STANDARD,300,1.87,166.8,1,0.85,1.42,6.49,40.25
ORD102575,Books,Same-Day,1833,3.44,779.9,3,2.04,3.76,7.77,54.27
ORD102576,Home & Kitchen,Standard,3825,3.1,238.1,2,3.02,8.67,9.15,58.16
ORD102577,Beauty,Same-Day,2887,2.86,422.6,1,2.47,5.16,3.55,26.91
ORD102578,Home & Kitchen,Express,6527,3.95,546.6,7,4.25,1.61,5.21,42.55
ORD102579,Fashion,Standard,4866,4.72,21.9,10,2.66,2.59,7.89,46.52
ORD102580,Beauty,Express,1901,2.56,283.6,3,3.17,1.75,4.03,32.38
ORD102581,Electronics,Express,7487,4.15,499.5,9,2.16,4.08,8.18,48.49
ORD102582,Home & Kitchen,Standard,2704,3.15,933.0,2,3.44,7.49,9.69,80.63
ORD102583,Home & Kitchen,Standard,2508,2.03,328.2,1,2.88,4.67,9.44,49.6
ORD102584,Home & Kitchen,Same-Day,2637,3.4,597.0,1,1.27,5.77,3.64,41.53
ORD102585,Home & Kitchen,Same-Day,6392,4.91,285.7,9,3.05,3.84,3.2,27.56
ORD102586,Home & Kitchen,Standard,7778,4.73,714.1,6,4.23,9.46,5.97,73.38
ORD102587,Books,Express,2974,4.12,574.1,8,4.43,5.28,7.13,59.82
ORD102588,Home & Kitchen,Same-Day,6823,4.46,646.7,8,4.44,1.98,8.35,56.34
ORD102589,Electronics,Standard,5443,2.94,19.8,3,3.65,3.05,4.13,35.67
ORD102590,Books,Express,2650,3.64,852.3,6,4.28,3.48,7.19,61.84
ORD102591,Electronics,Standard,9734,5.76,363.3,9,2.53,7.81,6.77,59.86
ORD102592,Beauty,Express,2443,2.71,3578.0,1,2.58,6.42,4.06,43.63
ORD102593,Home & Kitchen,Standard,2134,3.82,110.4,4,2.33,6.76,7.55,42.32
ORD102594,Books,Same-Day,6476,4.46,923.1,8,3.51,5.58,2.02,54.4
ORD102595,Books,Same-Day,1155,3.48,396.7,1,2.04,4.71,4.83,32.16
ORD102596,Books,Same-Day,5335,2.81,631.8,6,4.06,6.53,9.81,55.07
ORD102597,Beauty,Same-Day,3488,2.91,949.7,3,3.11,8.31,9.04,67.66
ORD102598,Books,Standard,2740,2.4,939.6,3,2.8,3.91,4.46,67.88
ORD102599,Electronics,Same-Day,3500,4.15,313.2,5,3.31,1.08,7.96,34.49
ORD102600,Home & Kitchen,Express,5695,4.38,187.4,6,3.16,9.51,7.57,45.4
ORD102601,Beauty,Express,1906,2.31,335.2,2,3.13,4.57,8.62,42.57
ORD102602,Fashion,Standard,5315,3.7,868.4,8,2.1,5.58,4.08,70.42
ORD102603,Home & Kitchen,Standard,3177,4.38,210.0,3,3.96,4.12,8.71,48.03
ORD102604,Electronics,Express,4944,3.7,379.3,7,2.26,2.3,5.29,43.65
ORD102605,Electronics,Standard,3529,2.86,794.1,2,1.55,1.16,1.79,52.99
ORD102606,Beauty,Same-Day,4052,2.19,818.8,2,3.67,9.13,4.44,56.45
ORD102607,Fashion,Express,3847,3.82,584.2,5,2.97,3.98,9.51,44.23
ORD102608,Home & Kitchen,Express,4946,2.34,336.6,2,1.76,7.16,7.05,55.36
ORD102609,Beauty,Standard,3895,2.72,374.2,3,1.19,1.22,1.95,42.17
ORD102610,Electronics,Same-Day,4306,4.05,16.6,6,3.37,1.93,6.49,24.13
ORD102611,Beauty,Same-Day,4801,3.51,509.1,7,3.07,3.49,4.42,43.11
ORD102612,Fashion,Same-Day,6406,4.5,780.7,9,3.09,8.5,3.28,66.76
ORD102613,Fashion,Express,5243,1.66,457.0,1,3.68,5.67,5.03,48.28
ORD102614,Home & Kitchen,Express,5006,2.18,141.9,1,3.49,6.91,1.69,25.03
ORD102615,Electronics ,Standard,2247,1.96,934.5,2,1.42,5.33,9.34,76.33
ORD102616,Books,Standard,3106,2.83,877.4,2,2.71,5.02,6.28,78.79
ORD102617,Beauty,Standard,2409,2.75,254.4,6,2.06,9.01,8.44,57.36
ORD102618,Electronics,Standard,4132,2.78,610.1,2,3.73,7.04,5.23,64.41
ORD102619,Beauty,Express,3832,5.62,834.5,4,2.33,7.89,4.5,60.28
ORD102620,Books,Express,5893,3.81,690.0,7,3.47,7.81,9.49,68.62
ORD102621,Books,Same-Day,3744,2.96,287.8,6,2.29,1.32,2.31,30.92
ORD102622,Fashion,Express,5427,3.17,179.6,6,3.7,2.45,6.25,37.33
ORD102623,Home & Kitchen,Standard,4692,6.4,248.8,1,2.64,7.93,2.19,47.15
ORD102624,Fashion,Same-Day,4666,4.54,217.3,1,1.75,6.03,5.4,30.61
ORD102625,Books,Standard,2320,3.39,275.9,5,3.99,5.29,7.78,44.31
ORD102626,Beauty,Express,4653,4.63,545.7,5,1.81,2.53,8.78,47.45
ORD102627,Electronics,Express,3253,1.88,864.5,2,2.36,3.68,3.62,53.52
ORD102628,Electronics,Same-Day,6086,3.94,639.0,6,3.93,7.3,3.0,51.03
ORD102629,Fashion,STANDARD,8009,5.57,658.6,8,3.88,3.68,6.17,64.9
ORD102630,Home & Kitchen,Standard,2427,4.03,720.4,6,2.62,1.5,9.69,76.56
ORD102631,Beauty,Same-Day,2935,2.82,4764.0,4,1.0,6.44,6.82,46.62
ORD102632,Electronics,Standard,6837,4.65,631.0,10,2.92,1.02,6.29,61.35
ORD102633,Fashion,Same-Day,3496,3.29,448.8,3,3.35,6.71,8.07,46.31
ORD102634,Home & Kitchen,Same-Day,4423,4.17,262.0,6,1.42,2.6,5.8,35.39
ORD102635,Beauty,Same-Day,2930,1.53,643.9,1,3.04,3.46,5.4,45.54
ORD102636,Beauty,Standard,3779,2.06,700.7,2,1.37,5.6,9.39,67.51
ORD102637,Beauty,Standard,4284,4.03,219.4,7,1.62,9.61,9.43,56.56
ORD102638,Beauty,Express,2913,1.6,384.0,2,3.0,7.49,2.84,37.88
ORD102639,Books,Same-Day,1180,2.29,234.0,2,1.26,6.4,6.76,40.86
ORD102640,Electronics,Standard,2387,2.45,428.3,3,2.05,8.51,3.05,58.99
ORD102641,Home & Kitchen,Standard,5838,4.47,717.7,2,1.35,6.34,1.97,57.59
ORD102642,Home & kitchen,Same-Day,907,2.89,791.1,1,3.03,2.67,9.95,57.29
ORD102643,Home & Kitchen,Standard,6189,3.87,134.9,6,4.76,9.9,8.56,52.48
ORD102644,Books,Standard,4347,4.72,148.1,9,2.12,2.52,5.95,34.8
ORD102645,Beauty,Same-Day,4043,5.27,121.3,10,3.64,5.94,2.62,33.36
ORD102646,Fashion,Standard,7091,3.76,668.6,5,2.17,4.82,1.59,54.45
ORD102647,Home & Kitchen,Express,8727,6.48,664.9,9,3.02,7.39,8.38,63.57
ORD102648,Home & Kitchen,Same-Day,5485,4.17,272.0,5,2.87,7.96,5.64,39.12
ORD102649,Home & Kitchen,Express,4729,3.79,721.6,2,1.71,6.09,8.75,63.8
ORD102650,Beauty,Same-Day,2203,5.52,46.8,6,1.61,4.21,1.02,18.84
ORD102651,Books,Express,1177,4.03,896.5,1,3.04,7.78,4.36,69.74
ORD102652,Beauty,Express,3368,3.14,739.9,4,4.03,7.46,1.78,59.42
ORD102653,Books,Standard,690,2.31,402.6,2,3.52,2.6,6.14,45.54
ORD102654,Beauty,Express ,4677,3.15,160.8,4,3.74,5.45,8.73,40.53
ORD102655,Fashion,Same-Day,8633,4.02,196.0,9,2.15,1.22,5.25,22.62
ORD102656,Books,Same-Day,3182,2.21,8667.0,4,4.24,8.79,8.38,64.9
ORD102657,Fashion,Express,4653,3.17,778.5,7,3.42,4.74,2.28,55.7
ORD102658,Fashion,Standard,4562,2.99,905.1,4,-1.4,1.19,4.17,57.19
ORD102659,Beauty,Express,4251,5.53,396.9,10,4.08,3.93,8.75,50.99
ORD102660,Home & Kitchen,Standard,2929,2.79,436.4,1,3.1,6.78,6.91,57.35
ORD102661,Home & Kitchen,Same-Day,6110,4.19,707.3,7,1.27,2.4,5.95,47.26
ORD102662,Home & Kitchen,Same-Day,3871,3.46,265.6,6,3.87,2.75,6.73,33.29
ORD102663,Electronics,Express,3102,6.59,424.0,2,2.08,3.56,3.65,33.79
ORD102664,Electronics,Same-Day,2259,3.86,71.0,6,2.04,9.67,3.86,26.7
ORD102665,Beauty,Express,2939,2.33,635.8,3,1.5,8.55,8.26,59.11
ORD102666,Fashion,Express,3183,1.71,328.2,1,0.5,8.15,1.0,35.58
ORD102667,Home & Kitchen,Same-Day,6287,3.65,73.1,5,2.95,1.05,7.78,23.07
ORD102668,Electronics,Standard,6092,5.06,595.5,8,4.56,2.14,1.23,47.76
ORD102669,Electronics,Same-Day,1230,2.25,628.1,1,1.53,5.83,7.27,48.52
ORD102670,Beauty,Express,1058,1.66,414.5,2,1.38,9.35,3.21,34.42
ORD102671,Home & Kitchen,Express,7410,4.32,935.9,7,3.73,4.42,7.94,81.61
ORD102672,Beauty,Same-Day,5608,4.74,902.8,5,1.15,2.43,5.0,55.44
ORD102673,Electronics,Express,6357,3.35,340.8,5,3.24,5.5,4.07,46.72
ORD102674,Electronics,Same-Day,3099,2.47,311.7,2,3.88,7.94,1.03,34.16
ORD102675,Books,Express,5285,3.79,330.4,8,-0.6,6.89,3.87,38.8
ORD102676,Electronics,Same-Day,1925,3.76,521.0,2,2.02,2.63,8.82,41.3
ORD102677,Home & Kitchen,Standard,5703,5.63,782.2,6,3.03,7.83,1.04,74.12
ORD102678,Books,Same-Day,6365,3.61,756.6,8,2.21,7.5,5.96,58.06
ORD102679,Beauty,Express,7409,4.88,818.3,10,4.63,7.93,6.96,71.75
ORD102680,Electronics,Standard,3606,2.75,93.4,2,1.12,4.67,7.78,32.83
ORD102681,Beauty,Standard,1140,2.95,303.3,2,3.86,7.22,2.22,41.44
ORD102682,Books,Same-Day,3967,3.26,178.5,8,3.61,7.22,8.72,35.93
ORD102683,Beauty,Standard,3773,3.08,740.5,3,3.06,9.46,5.43,77.56
ORD102684,Home & Kitchen,Express,4440,4.72,657.5,7,,1.17,2.67,51.8
ORD102685,Electronics,Same-Day,2866,5.46,462.4,6,4.39,5.68,7.94,49.1
ORD102686,Fashion,Standard,3174,5.0,372.8,1,1.17,9.82,1.15,48.49
ORD102687,Books,Express,1515,3.17,717.9,2,1.37,7.78,6.53,60.19
ORD102688,Fashion,Standard,6176,4.6,597.0,7,4.19,5.2,8.21,69.16
ORD102689,Beauty,Standard,5245,5.52,209.5,10,3.96,2.96,5.72,46.62
ORD102690,Fashion,Express,2316,2.76,211.6,1,1.41,4.71,5.68,24.94
ORD102691,Electronics,Standard,5367,4.2,87.7,4,4.14,1.32,6.82,38.75
ORD102692,Fashion,Same-Day,3180,2.65,223.0,4,2.05,7.88,9.94,38.34
ORD102693,Electronics,Standard,4103,4.36,623.7,7,4.14,8.67,1.52,61.32
ORD102694,Electronics,Express,4038,5.26,99.8,2,3.56,2.08,4.15,22.41
ORD102695,Beauty,Express,8598,4.15,220.0,10,2.96,9.06,3.06,36.5
ORD102696,Electronics,Same-Day,4301,6.03,366.0,2,2.19,1.78,3.05,25.3
ORD102697,Fashion,Standard,882,2.08,634.3,2,0.81,6.12,6.31,57.98
ORD102698,Books,Same-Day,4679,4.62,50.1,7,4.12,5.01,3.14,22.2
ORD102699,Books,Same-Day,5555,4.23,59.1,10,4.94,3.89,3.62,26.16
ORD102700,Electronics,Standard,7601,3.99,42.8,7,4.89,9.29,5.17,46.43
ORD102701,Electronics,Express,6684,2.94,71.9,3,3.49,8.38,6.94,31.41
ORD102702,Books,Same day,5658,3.31,704.9,6,1.67,8.7,4.94,56.25
ORD102703,Beauty,Express,300,2.12,50.4,1,3.06,7.16,5.11,28.17
ORD102704,Books,Standard,6995,4.38,547.5,10,2.65,9.62,5.44,61.33
ORD102705,Beauty,Express,3907,1.89,301.1,3,1.82,6.79,2.54,44.95
ORD102706,Beauty,Standard,4812,4.66,661.1,7,2.57,3.15,5.28,59.6
ORD102707,Electronics,Express,5779,3.31,50.6,3,4.0,6.24,2.93,34.55
ORD102708,Home & Kitchen,Express,679,3.42,850.4,1,2.27,7.51,7.54,69.77
ORD102709,Home & Kitchen,Same-Day,8458,5.08,735.6,6,4.23,7.95,5.35,56.55
ORD102710,Books,Standard,803,1.93,893.2,1,2.65,8.17,9.61,80.21
ORD102711,Beauty,Same-Day,1858,1.23,394.2,1,1.96,2.06,2.88,21.83
ORD102712,Electronics,Same-Day,4298,2.48,672.9,2,2.32,9.64,4.78,52.52
ORD102713,Fashion,Same-Day,4837,5.62,527.4,5,3.14,4.85,9.63,48.68
ORD102714,Fashion,Standard,3532,2.17,40.4,2,1.76,9.13,4.48,36.66
ORD102715,Electronics,Express,5599,3.88,798.8,8,4.27,9.91,5.05,72.02
ORD102716,Beauty,Standard,6157,3.92,150.1,5,3.86,5.43,9.99,54.46
ORD102717,Fashion,Same-Day,4324,2.5,930.1,3,2.39,5.53,9.21,66.52
ORD102718,Electronics,Express,4750,3.78,362.6,2,2.43,5.04,7.48,43.23
ORD102719,Fashion,Same-Day,5655,4.15,893.9,6,1.59,4.88,3.47,56.56
ORD102720,Electronics,Standard,6237,3.59,869.7,6,3.86,2.79,4.82,65.15
ORD102721,Fashion,Standard,5783,3.66,453.4,6,1.68,1.51,9.34,56.78
ORD102722,Fashion,Same-Day,1376,2.65,156.9,3,1.52,6.81,3.92,28.64
ORD102723,Home & Kitchen,Standard,5988,4.87,394.9,4,1.6,6.03,1.24,42.66
ORD102724,Beauty,Express,5079,4.24,224.4,10,4.03,4.91,3.32,41.86
ORD102725,Beauty,Standard,4727,2.77,824.2,4,3.01,9.53,1.38,74.2
ORD102726,Books,Same-Day,300,1.49,412.9,2,3.92,1.03,2.58,29.39
ORD102727,Books,Standard,8165,3.69,426.7,9,4.39,9.13,1.41,55.84
ORD102728,Beauty,Standard,2138,4.21,440.4,4,4.41,8.9,1.32,51.15
ORD102729,Beauty,Same-Day,3192,2.72,235.2,6,4.38,6.18,7.89,38.37
ORD102730,Books,Same-Day,1713,2.25,618.5,4,4.21,7.79,6.61,54.94
ORD102731,Books,Standard,2270,1.75,74.6,1,3.92,7.21,3.13,37.09
ORD102732,Home & Kitchen,Same-Day,8641,4.71,231.2,6,2.57,5.1,1.51,35.92
ORD102733,FASHION,Express,4184,3.84,610.1,5,3.65,1.23,7.69,47.14
ORD102734,Fashion,Same-Day,1587,2.96,365.8,2,2.65,3.82,8.58,33.6
ORD102735,Beauty,Standard,6201,2.67,177.1,5,2.55,2.98,4.48,40.43
ORD102736,Beauty,Express,8340,3.89,69.6,9,2.55,8.54,3.5,32.28
ORD102737,Fashion,Same-Day,6751,4.29,329.2,9,4.45,9.47,1.25,31.87
ORD102738,Fashion,Standard,7613,2.33,121.5,3,3.78,9.39,3.42,40.13
ORD102739,Beauty,Same-Day,4181,2.0,382.2,3,3.86,7.86,8.24,43.29
ORD102740,Books,Standard,1282,1.57,252.2,1,1.55,1.35,3.37,33.26
ORD102741,Fashion,Same-Day,2757,2.38,332.7,3,2.85,9.63,5.52,32.86
ORD102742,Beauty,Standard,6524,4.82,272.9,8,2.96,9.15,5.53,53.09
ORD102743,Books,Standard,3262,2.37,941.9,3,3.02,3.25,5.79,81.22
ORD102744,Home & Kitchen,Express,2235,2.39,187.4,1,2.2,1.2,4.33,20.59
ORD102745,Electronics,Same-Day,1969,2.82,260.8,2,1.69,8.13,9.9,36.25
ORD102746,Home & Kitchen,Express,1457,5.88,298.3,8,2.15,6.13,2.91,40.89
ORD102747,home & Kitchen,Standard,7950,4.65,701.1,7,3.87,8.8,8.23,78.07
ORD102748,Home & Kitchen,Express,4435,4.43,574.0,5,3.41,3.29,4.82,57.68
ORD102749,Fashion,Same-Day,2228,2.45,930.0,1,2.46,1.88,1.76,47.19
ORD102750,Home & Kitchen,Same-Day,2662,3.99,892.2,3,3.84,8.61,6.48,64.12
ORD102751,Beauty,Express,3072,2.7,271.8,3,3.32,1.77,8.57,31.32
ORD102752,Beauty,Same-Day,-1100,1.96,830.3,3,3.37,5.55,5.73,54.24
ORD102753,Books,Same-Day,5218,3.52,522.2,5,2.77,5.61,3.29,44.25
ORD102754,Electronics,Same-Day ,4756,4.46,486.8,6,2.23,6.03,9.25,48.27
ORD102755,Home & Kitchen,Same-Day,4102,4.02,763.4,6,1.95,1.31,9.78,55.07
ORD102756,Home & Kitchen,Express,937,2.53,108.4,1,2.79,9.8,7.59,41.6
ORD102757,Beauty,Express,5427,2.62,54.7,1,3.7,9.06,8.75,41.07
ORD102758,Books,Same-Day,714,2.26,96.6,3,2.34,6.79,5.75,24.62
ORD102759,Books,Express,3273,2.64,319.9,3,1.49,8.91,6.17,45.77
ORD102760,Electronics,Same-Day,3861,3.72,153.9,5,3.53,7.48,5.06,32.44
ORD102761,Fashion,Standard,4723,2.24,334.0,2,1.03,1.85,1.77,38.84
ORD102762,Fashion,Express,1588,2.5,865.1,2,1.18,5.91,5.1,53.24
ORD102763,Fashion,Same-Day,4147,1.94,273.8,3,3.46,6.27,2.59,26.5
ORD102764,Beauty,Express ,6357,3.14,752.7,6,3.67,6.23,8.92,69.68
ORD102765,Fashion,Standard,2938,1.86,27.1,2,1.19,5.65,6.13,22.18
ORD102766,Beauty,Express,6902,4.0,566.8,8,2.2,7.1,7.54,56.57
ORD102767,Electronics,Standard,3529,2.18,700.5,1,3.5,8.88,9.69,76.84
ORD102768,Books,Express,1741,2.95,325.5,3,3.73,2.92,3.42,29.26
ORD102769,Fashion,Express,5292,3.75,525.3,6,1.96,2.24,2.59,36.41
ORD102770,Books,Same-Day,3666,2.3,818.6,1,1.34,3.09,3.25,46.29
ORD102771,Electronics,Same-Day,5691,4.83,291.1,8,3.32,9.87,3.3,36.56
ORD102772,Electronics,Same-Day,5924,3.72,882.1,5,3.08,8.55,9.07,73.73
ORD102773,Books,Standard,5498,3.44,197.5,6,4.49,5.89,7.07,53.75
ORD102774,Beauty,Same-Day,4841,2.61,434.1,6,4.63,5.75,4.68,43.16
ORD102775,Fashion,Express,4647,4.22,502.4,5,2.74,6.07,5.93,40.04
ORD102776,Beauty,Express,4690,3.93,425.1,4,2.88,5.23,9.1,55.76
ORD102777,Beauty,Standard,3901,6.79,700.7,5,2.87,7.31,9.38,74.08
ORD102778,Electronics,Express,2299,3.06,520.2,4,2.94,8.97,4.78,55.4
ORD102779,Books,Same-Day,9751,3.44,583.7,7,3.01,4.34,1.8,43.51
ORD102780,Fashion,Express,2294,2.13,53.9,1,2.32,6.43,9.95,35.85
ORD102781,Home & Kitchen,Express,7571,4.44,395.1,4,4.21,6.93,9.68,58.07
ORD102782,Home & Kitchen,Express,4176,4.58,605.8,7,3.04,2.96,7.24,49.79
ORD102783,Books,Express,1534,3.29,-125,4,3.13,2.91,5.67,45.02
ORD102784,Beauty,Standard,3216,2.92,398.6,4,2.23,8.07,7.73,55.92
ORD102785,Electronics,Standard,6551,4.81,772.0,5,2.7,8.02,6.03,75.83
ORD102786,Home & Kitchen,Same-Day,7356,4.25,69.0,7,2.51,7.04,7.21,32.28
ORD102787,Beauty,Express,6370,5.11,161.4,9,3.76,5.1,9.36,43.87
ORD102788,Electronics,Express,3374,2.68,534.5,3,2.23,2.41,6.43,41.86
ORD102789,Home & Kitchen,Same-Day,3319,2.57,229.8,2,2.09,9.44,2.11,24.63
ORD102790,Home & Kitchen,Standard,4201,2.57,567.0,1,1.5,5.54,7.14,55.9
ORD102791,Fashion,Same-Day,1649,2.58,874.1,2,3.18,5.53,,58.88
ORD102792,Electronics,Same-Day,6347,3.41,84.9,5,1.72,9.54,7.46,37.81
ORD102793,Beauty,Standard,4204,2.99,315.3,7,2.29,5.87,9.5,50.84
ORD102794,Fashion,Same-Day,454,1.65,92.2,1,1.94,5.71,7.96,34.75
ORD102795,Home & Kitchen,Standard,9177,4.63,685.1,8,2.46,4.91,4.18,70.89
ORD102796,Home & Kitchen,Express,2958,3.35,448.2,2,2.62,6.8,8.78,46.15
ORD102797,Home & Kitchen,Same-Day,5748,4.29,745.5,7,4.79,9.94,8.48,67.6
ORD102798,Beauty,Same-Day,3241,3.22,757.7,2,0.86,7.18,4.35,47.12
ORD102799,Fashion,Same-Day,2551,2.68,456.3,4,3.88,1.35,1.9,32.08
ORD102800,Books,Standard,6485,3.41,791.6,8,2.39,2.0,1.52,54.95
ORD102801,Home & Kitchen,Express,2754,2.6,559.6,2,3.68,3.85,3.07,43.43
ORD102802,Beauty,Express,2735,3.74,766.4,6,3.92,1.72,6.79,68.1
ORD102803,Fashion,Standard,300,2.73,643.5,2,1.11,8.14,7.75,65.94
ORD102804,Books,Same-Day,5362,4.32,596.6,6,2.91,4.2,8.95,44.4
ORD102805,Electronics,Express,3682,2.67,411.7,1,2.11,5.69,8.03,48.12
ORD102806,Fashion,Standard,3398,2.93,275.3,3,3.35,3.76,6.44,50.74
ORD102807,Electronics,Same-Day,4906,2.35,802.1,1,3.5,8.97,6.92,61.25
ORD102808,Electronics,Express,6577,2.6,625.3,4,4.0,1.34,7.09,56.96
ORD102809,Fashion,Express,4861,3.1,869.2,6,2.56,4.03,6.71,65.62
ORD102810,Books,Express,1708,2.33,60.7,1,2.25,2.72,6.3,25.64
ORD102811,Books,Express,3392,1.99,641.3,1,2.79,4.54,2.33,46.76
ORD102812,Books,Express,2021,2.81,883.9,4,0.87,6.98,7.25,67.28
ORD102813,Fashion,Express,3785,2.82,426.5,2,1.53,7.66,4.84,43.04
ORD102814,Electronics,Standard,11113,5.0,163.4,10,4.33,2.67,5.38,47.04
ORD102815,Books,Same-Day,3901,3.89,391.2,8,3.95,4.81,4.53,
ORD102816,Books,Standard,2664,2.8,945.5,3,2.5,9.85,1.76,71.06
ORD102817,Fashion,Same-Day,2654,1.42,338.9,1,3.62,7.41,1.29,32.83
ORD102818,Home & Kitchen,Same-Day,5678,5.33,361.9,5,1.65,3.58,9.86,43.48
ORD102819,Beauty,Express,2973,1.94,703.4,1,3.14,6.26,1.27,45.24
ORD102820,Electronics,Standard,5836,4.07,210.4,4,1.27,5.36,4.26,38.67
ORD102821,Fashion,Same-Day,7270,4.55,765.0,8,2.45,6.74,3.03,55.83
ORD102822,Fashion,Express,3758,2.35,107.6,4,1.68,1.34,9.83,29.19
ORD102823,Home & Kitchen,Express,7646,5.26,871.3,9,4.93,2.96,3.39,54.28
ORD102824,Fashion,Same-Day,4198,5.28,729.0,5,4.02,7.4,5.2,56.52
ORD102825,Books,Express,4490,3.11,124.2,3,3.99,5.96,9.25,38.55
ORD102826,Electronics,Express,3695,1.81,72.6,1,3.19,2.7,9.05,31.04
ORD102827,Electronics,Express,4076,3.69,56.1,3,2.57,5.75,9.94,37.22
ORD102828,Fashion,Same-Day,5198,4.07,541.0,7,2.97,4.57,2.46,42.74
ORD102829,Electronics,Standard,5919,3.33,62.9,7,3.63,8.1,6.33,43.58
ORD102830,Beauty,Standard,3453,3.12,223.8,4,1.52,8.58,3.4,38.01
ORD102831,Electronics,Express,5263,2.33,414.4,3,2.05,8.25,6.66,44.42
ORD102832,Fashion,Express,8105,5.71,483.2,9,4.89,9.67,9.73,59.69
ORD102833,Electronics,Same-Day,7379,4.44,280.3,10,2.82,2.68,3.59,31.49
ORD102834,Electronics,Standard,2285,2.27,404.4,3,2.12,3.49,6.13,50.71
ORD102835,Home & Kitchen,Standard,3064,4.59,751.9,2,4.04,6.79,7.01,69.38
ORD102836,Beauty,Same-Day,8291,3.02,645.5,7,2.58,7.94,7.47,57.66
ORD102837,Fashion,Standard,4418,6.0,677.2,9,3.06,1.99,3.81,62.83
ORD102838,Electronics,Express,5498,3.09,790.8,6,2.4,4.64,2.96,60.27
ORD102839,Fashion,Express,4871,3.49,510.6,7,3.09,8.71,9.74,56.94
ORD102840,Fashion,Standard,3536,1.79,233.4,2,0.92,3.35,6.6,39.95
ORD102841,Beauty,Express,6221,3.43,376.5,7,4.35,8.22,7.48,54.25
ORD102842,Home & Kitchen,Express,7515,5.0,69.4,9,3.82,6.7,2.42,29.05
ORD102843,Books,Standard,300,1.49,393.8,1,3.35,5.55,9.69,52.01
ORD102844,Books,Express,2806,1.51,938.2,1,2.96,2.72,3.38,59.14
ORD102845,Home & Kitchen,Standard,2551,3.42,180.5,3,1.48,9.84,2.89,36.07
ORD102846,Beauty,Express,5426,3.52,75.0,5,3.53,8.91,8.23,46.91
ORD102847,Beauty,Same-Day,4242,1.89,487.1,2,4.11,5.88,3.45,37.21
ORD102848,Electronics,Same-Day,9127,5.68,489.9,9,3.92,9.68,2.03,43.62
ORD102849,Home & Kitchen,Same-Day,3208,4.11,441.5,4,2.71,7.49,3.48,42.82
ORD102850,Home & Kitchen,Same-Day,6433,4.61,654.8,6,2.19,5.08,4.3,41.22
ORD102851,Books,Same-Day,2166,3.98,114.9,7,4.11,5.53,4.71,28.41
ORD102852,Electronics,Same-Day,8274,5.38,927.1,8,3.39,7.64,4.71,60.95
ORD102853,Fashion,Standard,2320,2.54,583.3,1,1.12,4.86,5.89,57.28
ORD102854,Books,Same-Day,6254,4.63,447.3,7,2.78,3.56,1.17,33.34
ORD102855,Electronics,Same-Day,6933,4.71,243.2,9,4.59,2.44,6.29,42.28
ORD102856,Books,Standard,4247,2.51,253.0,4,2.75,6.03,1.97,48.44
ORD102857,Electronics,Same-Day,3938,3.26,101.7,3,1.34,1.52,3.12,15.55
ORD102858,Home & Kitchen,Express,6582,5.64,211.3,5,1.67,2.45,5.84,35.58
ORD102859,Beauty,Same-Day,3380,3.9,519.0,5,2.29,5.72,1.78,36.54
ORD102860,Home & Kitchen,Standard,4622,3.23,793.0,2,2.98,7.38,8.75,72.08
ORD102861,Beauty,Same-Day,5935,3.21,310.1,7,3.7,6.93,2.21,32.92
ORD102862,Beauty,Express,4349,9.87,909.0,5,4.4,4.89,3.05,68.15
ORD102863,FASHION,Standard,2889,2.84,150.1,2,2.22,2.21,1.71,34.8
ORD102864,Books,Standard,5334,3.68,265.0,8,4.21,1.7,3.14,44.5
ORD102865,Books,Express,8578,6.46,362.1,9,2.64,9.24,7.13,55.16
ORD102866,Beauty,Same-Day,2170,2.44,394.3,4,4.17,8.87,9.12,44.97
ORD102867,Home & Kitchen,Same-Day,6674,2.87,942.0,4,3.41,4.23,,59.95
ORD102868,Home & Kitchen,Same-Day,3344,4.29,23.5,1,3.7,6.28,9.29,28.18
ORD102869,Books,Same-Day,5464,3.7,450.3,7,2.71,7.82,6.16,45.72
ORD102870,Electronics,Same-Day,2911,2.49,853.2,3,4.04,8.84,5.38,61.04
ORD102871,Fashion,Same-Day,6066,2.01,571.1,1,1.48,6.86,2.57,39.47
ORD102872,Electronics,Same-Day,5831,3.71,296.0,8,4.55,7.65,5.11,38.49
ORD102873,Home & Kitchen,Express,2376,2.75,435.7,1,0.5,4.09,8.26,41.32
ORD102874,Books,Standard,1922,1.71,123.2,1,4.12,8.99,2.77,38.17
ORD102875,Beauty,Standard,5179,2.51,516.4,4,3.86,4.33,9.63,65.32
ORD102876,Fashion,Express,4272,3.21,811.4,5,3.26,4.1,9.88,67.24
ORD102877,Home & Kitchen,Same-Day,2793,4.1,513.9,2,1.45,2.2,9.67,53.19
ORD102878,Electronics,Standard,3290,2.77,181.3,1,1.38,8.53,4.5,41.49
ORD102879,Home & Kitchen,Express,4147,2.79,225.2,2,1.35,2.11,5.85,35.97
ORD102880,Home & Kitchen,Express,3829,3.59,557.5,2,2.13,2.17,6.28,48.31
ORD102881,Electronics,Standard,5074,4.89,925.3,4,1.91,5.46,3.43,73.38
ORD102882,Fashion,Standard,10284,4.42,562.1,8,3.06,1.68,5.87,51.13
ORD102883,Beauty,Same-Day,5279,3.59,609.0,7,2.0,5.3,3.07,45.09
ORD102884,Home & Kitchen,Same-Day,8009,4.76,808.8,10,4.05,7.41,8.38,64.47
ORD102885,Beauty,Express,2343,1.91,728.0,1,2.23,5.84,5.79,51.84
ORD102886,Beauty,Standard,5653,4.66,673.3,5,2.91,7.72,3.79,63.54
ORD102887,Beauty,Express,2710,3.3,488.4,2,3.16,3.27,3.04,46.79
ORD102888,Home & Kitchen,Standard,6706,4.7,733.4,5,4.06,9.44,9.69,76.61
ORD102889,Electronics,Same-Day,3003,2.33,865.3,3,2.33,5.42,4.71,63.13
ORD102890,Books,Express,4450,2.23,559.6,2,2.18,5.8,1.29,43.07
ORD102891,Electronics,Same-Day,7788,4.39,329.7,7,3.55,7.11,7.45,49.35
ORD102892,Electronics,Express,1976,2.04,739.6,2,2.27,9.6,1.22,53.16
ORD102893,Books,Express,6821,5.26,947.1,10,2.71,7.59,9.55,77.12
ORD102894,Books,Express,4442,5.37,566.2,4,3.46,4.11,8.35,51.42
ORD102895,Books,Standard,7492,4.89,61.9,9,3.23,3.98,3.36,36.54
ORD102896,Electronics,Standard,2818,2.5,670.3,3,2.29,6.16,1.8,57.57
ORD102897,Fashion,Express,4195,2.8,797.9,2,2.16,8.21,6.71,63.83
ORD102898,Fashion,Standard,5075,3.04,283.3,5,4.19,2.04,4.8,37.88
ORD102899,Fashion,Same-Day,6732,2.94,846.5,6,2.89,7.48,6.12,64.87
ORD102900,home & Kitchen,Standard,7497,3.83,400.8,7,4.39,7.55,8.48,63.34
ORD102901,Books,Express,3571,1.88,830.5,2,2.16,1.96,2.72,56.13
ORD102902,Books,Express,5847,2.73,595.9,6,4.04,6.45,9.08,63.26
ORD102903,Electronics,Express,7261,5.25,400.0,6,1.94,3.86,6.17,41.44
ORD102904,Fashion,Express,4523,2.55,365.2,3,2.11,9.49,3.23,42.24
ORD102905,Beauty,Standard,2928,3.32,578.3,3,1.23,4.4,4.75,55.54
ORD102906,Home & Kitchen,Express,1401,2.56,652.4,2,3.95,1.97,2.7,38.99
ORD102907,Home & Kitchen,Same-Day,5523,3.0,860.9,3,2.57,9.53,4.93,60.29
ORD102908,Home & Kitchen,Express,6542,4.53,386.0,6,2.38,5.62,7.12,44.67
ORD102909,Beauty,Standard,2182,2.18,581.7,4,3.07,2.46,7.3,62.71
ORD102910,Beauty,Standard,5758,3.46,125.9,3,3.42,1.99,9.67,44.88
ORD102911,Beauty,Express,4684,5.76,871.7,8,2.81,7.23,5.75,73.63
ORD102912,Books,Express,5511,4.66,466.1,8,2.86,6.47,5.33,47.57
ORD102913,Home & Kitchen,Standard,3003,2.48,362.8,1,1.06,2.06,6.34,43.24
ORD102914, beauty ,Express,7109,3.72,488.8,9,2.38,8.77,4.85,54.63
ORD102915,Electronics,Express,2661,1.95,361.2,2,3.58,9.37,6.09,45.97
ORD102916,Fashion,Same-Day,5138,2.19,640.3,2,1.74,5.39,9.67,52.45
ORD102917,Beauty,Standard,4931,3.53,325.7,6,3.93,7.02,7.17,60.93
ORD102918,Fashion,Standard,5345,3.58,23.7,2,2.28,8.79,7.41,44.67
ORD102919,Beauty,Express,3739,3.94,335.4,7,2.15,6.64,8.84,48.97
ORD102920,Books,Express,2079,3.58,617.6,5,2.17,8.87,3.65,47.92
ORD102921,Electronics,Standard,10178,5.94,672.4,8,2.92,6.6,4.42,68.54
ORD102922,Beauty,Express,1687,2.09,606.8,3,1.64,4.36,5.63,57.46
ORD102923,Beauty,Same-Day,3595,1.86,669.2,3,1.97,7.5,1.62,40.81
ORD102924,Books,Same-Day,4353,1.83,715.0,2,2.28,2.87,9.23,54.42
ORD102925,Beauty,Same-Day,7476,5.76,891.9,8,4.0,4.32,3.34,59.48
ORD102926,Books,Express,2885,3.31,387.5,3,3.7,1.58,1.79,25.63
ORD102927,Electronics,Standard,1694,2.19,220.7,3,3.11,7.2,3.76,48.26
ORD102928,Electronics,Standard,2041,1.77,445.8,1,3.66,1.16,9.19,52.58
ORD102929,Electronics,Standard,4432,2.78,415.1,2,0.85,7.76,4.44,43.74
ORD102930,Home & Kitchen,Standard,10511,4.79,437.2,9,5.39,9.78,3.38,69.24
ORD102931,Beauty,Same-Day,3977,4.46,195.2,5,3.22,9.8,6.53,41.95
ORD102932,Books,Same-Day,5007,2.37,690.1,4,3.62,4.6,1.4,43.19
ORD102933,Electronics,Standard,3467,3.37,201.4,4,1.52,5.3,9.85,48.35
ORD102934,Beauty,Same-Day,7308,4.39,148.2,8,4.08,5.77,5.64,35.3
ORD102935,Fashion,Express,6491,3.92,226.2,9,3.5,1.26,3.12,29.61
ORD102936,Books,,3901,3.78,58.6,5,2.36,4.72,3.1,32.58
ORD102937,Home & Kitchen,Standard,5311,4.04,416.8,6,1.88,1.45,4.31,58.76
ORD102938,Books,Standard,4222,5.4,324.8,5,2.16,9.91,6.34,52.01
ORD102939,Beauty,Express,6583,2.99,431.4,7,3.91,2.62,6.1,40.88
ORD102940,Home & Kitchen,Express,1235,2.66,651.0,2,1.11,1.52,3.28,46.15
ORD102941,Home & Kitchen,Express,5352,3.89,755.2,3,3.65,7.9,5.8,65.42
ORD102942,Fashion,Standard,2824,2.49,612.8,3,4.0,6.05,5.27,62.91
ORD102943,Books,Standard,3022,4.08,748.5,6,3.9,3.74,6.93,66.13
ORD102944,Electronics,Express,6600,4.11,747.8,7,3.28,1.61,3.49,62.58
ORD102945,Fashion,Express,4916,2.48,677.9,5,4.18,1.54,4.42,52.55
ORD102946,Fashion,Express,7007,5.78,28.6,9,3.1,2.2,9.57,38.37
ORD102947,Electronics,Same-Day,4737,5.83,281.2,5,1.86,2.22,4.85,31.26
ORD102948,Beauty,Same-Day,2249,5.21,321.2,7,4.25,9.75,8.56,47.99
ORD102949,Electronics,Standard,6469,3.07,542.1,4,2.22,4.9,3.07,53.87
ORD102950,Beauty,Same-Day,958,1.34,262.4,1,1.02,9.74,1.68,27.55
ORD102951,home & Kitchen,Standard,5028,3.66,467.4,6,3.3,2.19,9.32,58.41
ORD102952,Electronics,Standard,5734,3.42,537.5,5,3.66,7.08,4.36,57.52
ORD102953,Fashion,Express,5561,2.61,354.3,1,1.23,7.23,8.44,43.94
ORD102954,Beauty,Standard,300,3.12,128.5,2,2.67,2.27,3.63,34.83
ORD102955,Books,Standard,4425,3.31,546.9,3,2.47,4.9,6.54,52.34
ORD102956,Books,Standard,2763,3.06,358.2,5,2.2,5.26,5.28,47.91
ORD102957,Electronics,Standard,4490,2.26,812.4,3,3.63,7.86,5.61,70.17
ORD102958,Electronics,Standard,3475,2.19,212.0,1,1.77,7.21,5.68,40.44
ORD102959,Beauty,Standard,3393,4.15,752.9,6,2.65,3.22,3.14,59.1
ORD102960,Books,Standard,4087,3.75,464.9,7,4.11,2.32,2.56,45.39
ORD102961,Fashion,Express,4068,2.02,798.4,2,2.03,8.96,8.52,62.54
ORD102962,Beauty,Same-Day,5249,3.78,898.8,6,2.78,3.4,6.85,59.81
ORD102963,Fashion,Same-Day,3198,3.0,410.3,2,-2.2,3.55,5.78,36.99
ORD102964,Home & Kitchen,Same-Day,5878,3.5,177.4,4,4.07,5.42,7.55,38.51
ORD102965,Books,Same-Day,6184,3.55,632.9,7,4.1,1.4,8.11,50.03
ORD102966,Electronics,Standard,3795,4.51,566.9,6,3.49,2.14,9.14,67.07
ORD102967,Home & Kitchen,Same-Day,5862,4.31,898.3,6,3.5,9.44,9.35,66.68
ORD102968,Home & Kitchen,Standard,3740,3.68,350.9,4,1.54,3.61,8.26,55.43
ORD102969,Electronics,Express,2183,2.68,368.5,3,2.78,2.52,8.21,36.07
ORD102970,Electronics,Same-Day,4238,3.69,897.2,2,2.59,1.58,2.3,50.93
ORD102971,Books,Same-Day,,2.49,305.4,2,1.55,7.82,5.43,36.21
ORD102972,home & Kitchen,Standard,6147,5.15,41.3,8,3.59,2.53,5.84,43.62
ORD102973,Fashion,Express,4328,4.78,515.0,4,1.73,9.1,6.91,56.46
ORD102974,Home & Kitchen,Standard,6480,6.24,553.3,10,2.98,4.91,4.07,
ORD102975,Beauty,Express,3614,3.07,122.9,5,2.56,1.05,8.36,33.09
ORD102976,Fashion,Express,4458,2.66,630.7,3,1.47,8.74,1.51,53.16
ORD102977,Beauty,Standard,4595,5.53,71.8,5,2.44,7.52,9.52,43.25
ORD102978,Beauty,Express,1640,2.22,631.7,3,1.24,5.72,4.68,42.6
ORD102979,Fashion,Standard,7242,5.29,846.9,8,3.29,8.27,5.22,74.1
ORD102980,Electronics,Same-Day,1547,3.24,725.0,2,2.62,8.17,2.76,57.51
ORD102981,Home & Kitchen,Standard,7106,5.9,497.8,8,1.69,1.97,7.69,55.57
ORD102982,Fashion,Same-Day,474,2.95,695.5,2,3.63,5.78,4.23,43.47
ORD102983,Beauty,Express,2735,2.23,183.6,4,3.02,7.33,9.57,38.76
ORD102984,Fashion,Same-Day ,4646,3.46,703.4,3,1.13,5.54,4.84,48.15
ORD102985,Fashion,Standard,2850,3.76,868.4,8,2.44,1.75,3.17,70.16
ORD102986,Books,Standard,1833,1.62,924.0,2,2.24,5.52,9.72,79.65
ORD102987,Beauty,Standard,4142,1.65,777.0,1,3.46,9.19,5.77,69.3
ORD102988,Beauty,Standard,4607,2.31,384.9,2,1.0,5.86,6.37,51.18
ORD102989,Home & Kitchen,Standard,9398,5.13,594.8,8,3.18,1.41,9.12,66.34
ORD102990,Electronics,Same-Day,4537,3.11,109.0,6,3.27,9.44,9.44,38.26
ORD102991,Fashion,Standard,2707,2.21,118.7,2,0.91,8.23,9.12,43.9
ORD102992,Books,Same-Day,5986,4.77,813.8,6,4.27,6.27,1.05,56.31
ORD102993,Fashion,Standard,1298,3.12,254.7,2,2.39,7.59,2.46,43.78
ORD102994,Electronics,Express,7698,4.27,403.3,8,3.23,9.7,9.08,62.97
ORD102995,Electronics,Standard,1981,3.75,319.2,1,1.28,2.94,6.12,45.58
ORD102996,Fashion,Express,300,3.08,332.4,3,1.35,1.49,1.36,18.4
ORD102997,Beauty,Express,4009,3.38,333.1,9,2.89,6.0,4.86,39.46
ORD102998,Home & Kitchen,Express,4912,2.72,831.2,3,1.09,6.73,1.3,62.53
ORD102999,Fashion,Same-Day,1684,1.77,222.7,2,2.79,3.94,9.5,36.33
ORD103000,Beauty,Express,2207,3.62,279.4,5,4.74,1.04,1.6,29.33
ORD103001,Beauty,Express,2636,2.98,949.0,6,2.99,6.36,6.34,70.62
ORD103002,Books,Same-Day,548,3.61,152.8,3,3.51,2.59,9.01,28.61
ORD103003,Home & Kitchen,Express,4857,2.53,621.8,2,1.31,1.39,5.63,44.8
ORD103004,Fashion,Same-Day,4878,3.92,236.6,6,2.92,9.44,6.75,38.16
ORD103005,Electronics,Express,5666,2.64,439.9,1,3.33,2.98,2.11,36.01
ORD103006,Books,Same-Day,300,1.86,369.8,2,3.91,7.16,6.24,44.69
ORD103007,Fashion,Standard,3865,2.9,407.7,6,3.61,7.55,4.79,58.11
ORD103008,Electronics,Express,7245,3.37,52.4,4,3.74,3.56,3.23,29.82
ORD103009,Books,Standard,2764,2.6,750.4,4,3.3,6.28,4.43,64.27
ORD103010,Electronics,Express,300,3.34,719.8,1,1.57,1.87,6.9,56.74
ORD103011,Beauty,Same-Day,7540,3.47,322.3,6,1.54,8.84,6.86,34.08
ORD103012,Books,Same-Day,3226,2.48,817.4,3,2.71,2.59,1.89,54.52
ORD103013,Fashion,Standard,-1800,3.65,785.7,7,1.79,8.13,5.43,68.3
ORD103014,Fashion,Express,2916,2.84,96.9,1,2.52,6.84,6.66,33.7
ORD103015,Beauty,Same-Day,4660,3.99,679.8,2,3.82,8.97,8.94,56.35
ORD103016,Electronics,Standard,5666,4.3,473.2,5,1.44,9.85,5.47,56.96
ORD103017,Home & Kitchen,Same-Day,5169,6.3,409.3,5,1.77,6.39,1.06,29.17
ORD103018,Fashion,Same-Day,7905,3.67,814.9,8,3.08,7.05,4.51,58.3
ORD103019,Books,Same-Day,5245,2.63,84.7,3,3.61,8.65,1.27,18.0
ORD103020,Electronics,Same-Day,2282,2.99,423.8,1,1.5,4.08,6.96,37.07
ORD103021,Home & Kitchen,Express,3125,3.77,738.8,4,2.65,4.42,4.59,57.08
ORD103022,Books,Standard,3648,2.67,755.4,4,2.27,5.89,2.56,67.75
ORD103023,Home & Kitchen,Same-Day,586,6.59,204.5,1,3.13,4.34,5.35,36.88
ORD103024,Home & Kitchen,Standard,6137,7.35,800.0,7,4.53,5.27,4.35,74.19
ORD103025,Fashion,Express,4466,3.79,658.0,5,4.0,8.69,7.81,55.79
ORD103026,Beauty,Standard,3250,1.67,49.3,1,0.89,8.18,9.1,39.88
ORD103027,Electronics,Express,6264,6.02,312.9,10,3.81,1.75,7.5,46.89
ORD103028,Home & Kitchen,Standard,4448,4.22,813.7,2,1.46,6.74,6.7,73.02
ORD103029,Beauty,Same-Day,7387,4.73,794.7,10,3.52,2.75,6.9,52.82
ORD103030,Books,Standard,4360,2.04,360.6,2,1.35,1.94,2.33,31.25
ORD103031,Beauty,Same-Day ,1098,1.25,187.4,1,3.16,7.86,9.16,32.17
ORD103032,Fashion,Standard,4643,3.63,888.9,7,4.32,2.37,7.83,77.83
ORD103033,Books,Standard,5846,3.62,631.9,6,4.64,4.28,6.73,61.88
ORD103034,Home & Kitchen,Express,9782,4.39,426.4,9,3.43,3.08,7.85,58.33
ORD103035,Home & Kitchen,Same-Day,4744,5.1,243.0,5,2.29,8.3,2.57,27.97
ORD103036,Electronics,Express,7344,3.76,230.9,7,2.37,4.08,7.31,39.17
ORD103037,Electronics,Standard,6403,5.96,762.6,5,2.24,6.95,4.04,60.45
ORD103038,Fashion,Express,2742,2.95,795.1,3,3.14,2.2,2.07,47.73
ORD103039,Beauty,Same-Day,6671,4.97,476.5,10,4.18,9.75,5.93,49.65
ORD103040,Fashion,Standard,1096,2.68,253.6,5,2.54,8.44,6.94,51.38
ORD103041,Home & Kitchen,Express,4965,4.13,111.3,4,3.49,3.6,7.21,32.28
ORD103042,Electronics,Express,3133,3.96,58.9,5,3.38,2.64,9.55,42.46
ORD103043,Home & Kitchen,Express,6611,4.4,692.5,9,2.84,9.14,8.26,71.27
ORD103044,Beauty,Standard,1516,2.1,42.8,3,2.18,1.36,3.26,22.84
ORD103045,Electronics,Express,6208,5.02,173.1,8,3.48,1.19,8.21,32.14
ORD103046,Beauty,Standard,2479,2.72,607.2,3,2.09,7.53,1.66,56.8
ORD103047,Home & Kitchen,Express,4433,5.93,797.2,3,3.36,5.6,8.34,68.92
ORD103048,Fashion,Same-Day,560,2.26,86.5,1,0.77,5.24,2.29,14.33
ORD103049,Electronics,Same-Day,3997,3.56,908.5,3,1.54,7.66,6.79,63.03
ORD103050,Home & Kitchen,Same-Day,7801,5.33,823.1,9,4.81,3.55,1.05,52.35
ORD103051,Books,Same-Day,6862,3.48,940.7,8,4.67,4.12,2.33,52.27
ORD103052,Books,Standard,6366,2.09,464.6,4,3.32,1.87,3.15,47.71
ORD103053,Books,Standard,3888,2.13,513.2,2,3.14,7.75,1.48,47.75
ORD103054,Books,Express,4390,3.93,46.0,8,3.02,9.32,8.55,35.55
ORD103055,Electronics,Same-Day,5128,2.61,440.8,4,2.26,5.4,9.05,43.41
ORD103056,Books,Same-Day,300,2.4,932.8,1,3.22,9.48,4.84,59.22
ORD103057,Electronics,Standard,4023,2.41,98.8,1,1.62,9.64,2.4,32.7
ORD103058,Beauty,Express,3504,2.02,869.1,3,3.26,5.49,3.59,61.39
ORD103059,Electronics,Same-Day,8457,6.81,358.5,9,3.65,9.32,3.66,44.0
ORD103060,Home & Kitchen,Standard,,3.03,650.8,3,2.31,6.15,8.93,64.94
ORD103061,Home & Kitchen,Same-Day,3360,2.0,213.7,1,2.42,5.77,9.67,32.46
ORD103062,Beauty,Express,3943,24.3,459.0,5,1.5,8.82,3.61,54.79
ORD103063,Fashion,Standard,6461,4.96,939.8,5,2.35,8.87,1.07,76.0
ORD103064,Beauty,Standard,3588,2.59,125.5,5,1.79,2.51,9.43,38.96
ORD103065,Beauty,Same-Day,3236,2.68,515.1,4,3.43,8.69,2.53,45.6
ORD103066,Beauty,Express,2280,1.89,404.6,2,2.18,3.2,2.18,37.72
ORD103067,Home & Kitchen,Express,5684,5.91,265.1,8,2.34,7.68,4.16,50.47
ORD103068,Books,Express,3728,3.25,125.6,2,3.46,5.72,5.52,40.14
ORD103069,Books,Express,1093,2.07,385.2,1,1.76,6.79,3.08,40.48
ORD103070,Fashion,Express,4058,2.07,33.0,1,1.38,5.92,7.08,28.74
ORD103071,Fashion,Standard,3018,1.85,-45,2,3.02,1.9,9.16,61.18
ORD103072,Fashion,Same-Day,4479,2.91,698.9,5,1.74,3.06,4.76,42.82
ORD103073,Books,Same-Day,744,2.77,650.6,1,1.05,9.88,2.77,46.49
ORD103074,Home & Kitchen,Standard,2258,2.72,226.0,1,,8.66,2.12,46.72
ORD103075,Fashion,Same-Day,2859,1.78,832.9,1,1.9,8.06,2.87,56.42
ORD103076,Home & Kitchen,Same-Day,5211,2.71,838.8,2,1.94,2.1,6.86,52.72
ORD103077,Electronics,Standard,4623,4.72,111.5,6,2.19,5.48,4.43,33.16
ORD103078,Books,Standard,4435,3.01,74.6,3,2.17,3.24,4.72,35.25
ORD103079,Fashion,Same-Day,2872,1.82,801.6,2,3.53,7.38,8.32,60.55
ORD103080,Beauty,Express,3393,3.2,559.4,1,1.93,7.79,5.11,52.26
ORD103081,Beauty,Standard,5112,3.62,823.8,8,4.42,3.6,6.43,70.04
ORD103082,Fashion,Same-Day,5053,3.92,402.1,6,2.33,5.58,8.79,43.26
ORD103083,Beauty,Standard,300,1.3,808.9,1,2.76,1.23,3.64,63.31
ORD103084,Beauty,Express,5587,4.24,930.5,8,3.13,2.61,4.56,65.22
ORD103085,Electronics,Express,2154,1.78,851.7,1,2.47,4.64,1.79,53.73
ORD103086,Electronics,Standard,3499,4.69,872.2,6,1.99,4.1,3.67,64.51
ORD103087,Fashion,Express,4035,2.18,108.9,4,3.66,3.46,2.15,21.36
ORD103088,Electronics,Same-Day,5831,3.35,886.5,3,1.31,7.68,9.44,65.51
ORD103089,Fashion,Standard,5416,3.49,798.7,2,1.56,2.28,9.23,67.62
ORD103090,Home & Kitchen,Same-Day,5384,3.51,574.4,4,2.21,1.7,7.23,39.46
ORD103091, beauty ,Same-Day,3737,3.46,922.0,7,4.23,5.34,7.14,66.44
ORD103092,Home & kitchen,Same-Day,6023,4.32,923.7,7,1.91,3.01,2.57,52.72
ORD103093,Fashion,Express,4456,3.04,213.4,3,1.75,6.27,1.58,29.7
ORD103094,Books,Standard,6044,3.95,332.3,6,2.02,9.95,4.76,47.92
ORD103095,Beauty,Express,2830,1.3,917.3,1,1.55,3.58,9.38,70.57
ORD103096,Home & Kitchen,Same-Day,7501,3.56,750.9,6,2.72,9.89,3.19,56.46
ORD103097,Electronics,Standard,6258,3.37,325.6,5,3.62,5.96,2.94,48.5
ORD103098,Electronics,Same-Day,6540,2.3,222.1,2,2.3,8.98,3.61,35.9
ORD103099,Beauty,Same-Day,7541,3.19,515.5,5,1.63,9.11,1.2,34.3
ORD103100,Fashion,STANDARD,5056,3.26,920.7,4,4.11,5.89,8.81,77.63
ORD103101,Beauty,Standard,3689,2.88,563.9,4,1.65,6.66,4.38,51.79
ORD103102,Fashion,Express,3353,2.89,151.9,1,2.05,6.01,6.28,33.94
ORD103103,Home & Kitchen,Express,2110,3.85,176.5,1,0.99,2.95,4.63,29.5
ORD103104,Beauty,Standard,4242,1.66,71.6,2,2.76,9.93,9.63,44.23
ORD103105,Beauty,Express,4265,3.86,56.2,6,2.51,1.47,1.61,27.22
ORD103106,Beauty,Same-Day,6927,3.01,876.2,6,2.34,9.09,9.34,62.45
ORD103107,Electronics,Same-Day,6523,4.4,647.0,9,2.48,1.94,7.16,52.99
ORD103108,Home & Kitchen,Express,2694,4.19,686.5,3,3.99,5.85,,61.6
ORD103109,Fashion,Standard,5140,2.3,434.4,4,2.77,9.61,9.56,61.48
ORD103110,Fashion,Express,7049,4.77,107.4,9,2.19,5.79,5.23,31.48
ORD103111,Fashion,Standard,4623,4.12,785.8,5,4.0,8.65,6.17,72.09
ORD103112,Fashion,Standard,4247,3.47,529.8,7,4.86,7.31,4.64,59.34
ORD103113,Home & Kitchen,Same-Day,3154,5.28,397.2,7,3.11,8.81,5.82,43.76
ORD103114,Electronics ,Express,6158,5.71,315.2,8,2.98,5.35,5.14,44.92
ORD103115,Home & Kitchen,Express,3768,2.62,205.4,3,2.9,6.8,9.07,45.32
ORD103116,Books,Standard,3477,2.84,734.0,6,3.84,7.61,7.66,74.56
ORD103117,Fashion,Standard,7091,8.99,490.8,8,3.92,5.38,4.92,62.07
ORD103118,Books,Express,3338,2.48,571.1,3,2.78,2.38,3.52,49.43
ORD103119,Fashion,Same-Day,5683,5.41,525.9,9,3.88,8.76,1.02,43.75
ORD103120,Beauty,Standard,2808,1.69,418.5,2,3.66,6.1,9.4,53.72
ORD103121,Home & Kitchen,Same-Day,5185,4.2,48.5,6,3.51,9.89,5.08,26.49
ORD103122,Books,Same-Day,3464,3.52,870.6,6,3.48,9.23,1.83,56.49
ORD103123,Beauty,Standard,6985,3.23,552.0,7,4.52,5.34,2.63,60.12
ORD103124,Beauty,Same-Day,6291,3.69,443.2,7,2.39,9.42,3.8,44.63
ORD103125,Home & Kitchen,Express,3174,4.68,518.9,1,1.92,8.6,3.04,47.66
ORD103126,Books,Same-Day,4771,3.59,366.6,5,2.28,1.93,2.51,25.84
ORD103127,Fashion,Same-Day,1065,2.64,318.5,4,2.92,1.72,2.19,20.73
ORD103128,Books,Same-Day,3520,3.86,276.8,7,3.35,4.22,2.2,33.68
ORD103129,Beauty,Same-Day,2244,1.28,940.2,1,2.93,2.43,9.31,53.29
ORD103130,Beauty,Express,300,2.25,816.2,1,3.05,7.18,2.13,60.79
ORD103131,Books,Express,3857,6.6,420.6,6,2.88,4.84,5.84,50.21
ORD103132,Home & Kitchen,Standard,6618,4.43,374.4,8,3.97,8.72,3.64,56.47
ORD103133,Beauty,Standard,2253,1.58,757.9,2,1.07,7.89,5.43,61.66
ORD103134,Electronics,Standard,7878,3.02,624.0,3,0.76,9.19,3.55,64.24
ORD103135,Fashion,Standard,5595,2.85,31.8,4,2.89,6.29,5.39,39.02
ORD103136,Home & Kitchen,Standard,1027,5.34,-175,3,1.89,4.2,3.54,58.81
ORD103137,Electronics,Same-Day,5052,3.95,339.5,3,1.3,7.27,8.72,35.69
ORD103138,Fashion,Standard,1934,1.38,949.5,1,3.5,2.6,9.27,72.52
ORD103139,Electronics,Standard,6533,2.3,625.6,3,2.59,4.78,1.9,53.13
ORD103140,Home & Kitchen,Same day,8595,3.92,136.3,4,3.32,3.38,7.79,31.35
ORD103141,Home & Kitchen,Standard,2667,2.91,545.8,3,3.88,5.23,6.45,54.08
ORD103142,Home & Kitchen,Standard,4409,4.91,273.1,8,2.02,3.74,4.76,51.23
ORD103143,Electronics,Same-Day,912,2.16,510.0,1,1.88,8.31,4.03,42.07
ORD103144,Fashion,Same-Day,1993,3.16,439.8,3,2.55,2.18,8.01,35.59
ORD103145,Electronics,Standard,6896,3.24,108.1,4,4.08,8.51,3.15,31.98
ORD103146,Electronics,Same-Day,5056,1.87,420.2,2,2.1,9.0,4.11,39.47
ORD103147,Home & Kitchen,Standard,2485,2.63,580.4,1,2.25,9.05,6.8,63.68
ORD103148,Beauty,Express,3185,1.95,518.0,1,2.11,2.78,4.56,46.51
ORD103149,Home & Kitchen,Express,3534,3.03,171.5,3,2.38,4.8,1.56,34.78
ORD103150,Beauty,Express,7697,4.16,659.2,8,4.04,9.56,4.08,54.91
ORD103151,Fashion,Express,5188,3.41,748.7,5,3.2,4.34,8.41,62.18
ORD103152,Electronics,Same-Day,4274,3.96,680.6,4,3.78,4.98,9.98,60.86
ORD103153,Beauty,Standard,300,1.64,785.3,2,1.81,1.45,1.17,56.3
ORD103154,Fashion,Express,4442,5.58,908.9,5,4.42,5.79,2.38,68.71
ORD103155,Electronics,Express,4364,3.28,344.1,2,1.72,3.93,1.61,33.58
ORD103156,Beauty,Standard,4280,3.11,145.3,5,3.56,1.38,4.54,28.81
ORD103157,Fashion,Same-Day,7840,4.42,302.6,9,4.55,4.74,7.02,30.7
ORD103158,Home & Kitchen,Standard,1925,3.78,519.5,4,3.23,7.12,9.84,65.64
ORD103159,Electronics,Same-Day,3943,3.18,518.0,2,3.4,7.88,5.21,43.58
ORD103160,Electronics,Standard,6182,3.43,756.6,5,3.35,9.69,1.98,68.81
ORD103161,Books,Express,3182,2.43,73.1,2,1.96,5.1,5.13,21.67
ORD103162,Home & Kitchen,Same-Day,3693,4.23,20.1,5,3.09,4.54,5.38,15.77
ORD103163,Home & Kitchen,Same-Day,1186,3.23,552.7,3,1.82,9.4,6.65,48.82
ORD103164,Home & Kitchen,Standard,2090,3.27,854.8,2,2.13,2.05,4.74,68.2
ORD103165,Beauty,Standard,3825,2.67,519.9,6,4.5,3.73,8.12,61.97
ORD103166,Books,Same-Day,3321,2.57,252.6,4,3.49,3.52,6.19,29.68
ORD103167,Fashion,Express,5390,4.54,754.0,5,1.58,2.55,1.12,50.99
ORD103168,Beauty,Express,6922,4.03,637.4,8,4.07,9.39,7.77,70.98
ORD103169,Beauty,standard ,4617,2.92,930.7,3,1.69,1.81,8.68,70.34
ORD103170,Home & Kitchen,Same-Day,4785,3.21,597.8,4,3.49,7.72,3.9,51.72
ORD103171,Fashion,Standard,3191,2.68,628.2,2,2.32,6.33,8.16,63.96
ORD103172,Home & Kitchen,Standard,8627,5.51,121.0,10,4.93,9.14,7.51,56.41
ORD103173,Home & Kitchen,Express,4369,2.33,519.0,1,2.37,9.4,8.92,56.88
ORD103174,Electronics,Same-Day,7363,5.87,638.7,9,2.49,4.77,3.6,49.05
ORD103175,Fashion,Express,4889,2.06,883.3,3,3.23,9.83,9.42,77.39
ORD103176,Books,Same-Day,3449,5.06,252.8,2,3.79,7.35,1.51,24.88
ORD103177,Electronics,Standard,8496,5.76,61.9,9,3.71,2.45,7.28,40.25
ORD103178,Books,Standard,4307,2.99,173.4,4,3.74,9.91,8.32,48.56
ORD103179,Fashion,Express,5839,4.2,258.4,6,2.37,1.53,1.93,33.47
ORD103180,Home & Kitchen,Express,5295,3.76,543.3,4,1.88,9.32,5.84,52.73
ORD103181,Electronics,Standard,3431,2.67,723.2,2,1.57,7.3,3.76,62.52
ORD103182,Fashion,Express,5277,2.71,287.5,5,4.12,7.15,6.64,44.05
ORD103183,Books,Express,7809,4.3,539.9,10,2.18,3.37,1.47,44.88
ORD103184,Books,Standard,2511,1.53,697.7,1,1.27,1.95,4.06,51.52
ORD103185,Home & Kitchen,Same-Day,6184,4.0,477.6,6,2.46,2.42,6.91,42.49
ORD103186,Beauty,Same-Day,6975,4.78,419.5,9,4.9,9.71,3.33,50.39
ORD103187,Electronics,Same-Day,6686,3.73,545.0,6,2.94,7.24,2.66,44.13
ORD103188,Beauty,Same-Day,4814,1.98,890.0,3,1.79,9.18,9.28,62.02
ORD103189,Electronics,Same-Day,3340,3.3,312.1,5,4.06,2.13,1.0,33.34
ORD103190,Beauty,Express,629,2.49,473.9,1,1.13,4.34,5.32,40.59
ORD103191,Home & Kitchen,Standard,2646,2.95,388.3,1,3.75,5.11,2.26,51.77
ORD103192,Home & Kitchen,Express,4239,3.17,658.8,2,3.75,2.74,7.04,59.1
ORD103193,Fashion,Standard,4264,5.59,669.2,5,1.92,1.16,2.49,58.36
ORD103194,Home & Kitchen,Express,2295,3.42,896.9,1,1.69,2.38,8.13,67.05
ORD103195,Electronics,Express,8286,8.24,855.9,6,3.02,6.02,7.6,68.88
ORD103196,Home & Kitchen,Standard,7588,6.13,264.0,8,2.37,3.86,4.25,53.09
ORD103197,Fashion,Express,518,2.39,615.0,1,0.95,4.82,6.31,45.72
ORD103198,Books,Standard,2128,4.6,845.7,7,3.04,2.49,3.2,59.38
ORD103199,Books,Same day,4769,3.42,472.8,3,1.16,2.51,3.87,34.65
ORD103200,Books,Same day,3639,3.72,818.1,8,2.74,5.56,8.44,64.12
ORD101125,Home & Kitchen,Standard,5770,3.03,121.5,3,1.34,1.71,8.16,36.46
ORD101719,Home & Kitchen,Same-Day,3787,4.37,398.5,7,2.09,7.61,5.29,41.35
ORD101522,Electronics,Express,5426,3.16,353.7,5,2.16,3.04,7.01,36.49
ORD100163,Beauty,Same-Day,1668,2.42,347.7,1,3.75,2.74,1.64,29.81
ORD101016,Home & Kitchen,Standard,3673,4.7,667.6,3,3.43,6.27,4.04,59.06
ORD101311,Beauty,Express,8804,3.97,497.2,10,4.13,9.89,3.92,59.42
ORD102406,Home & Kitchen,Standard,2793,4.15,413.7,3,3.18,8.65,2.59,59.06
ORD101903,Home & Kitchen,Same-Day,4147,5.45,241.0,7,2.15,6.23,9.87,43.45
ORD102285,Books,Standard,8848,6.38,751.1,8,4.59,2.45,5.44,62.62
ORD102452,Fashion,Express,751,3.71,780.7,5,3.94,5.62,6.13,60.1
ORD100892,Beauty,Standard,4697,2.52,39.1,6,3.97,6.84,7.03,41.92
ORD100675,Electronics,Express,3867,4.08,219.0,1,2.77,5.76,5.91,36.97
ORD100455,Fashion,Same-Day,4703,3.92,208.8,8,1.98,2.36,1.07,23.27
ORD101704,Fashion,Same-Day,4602,4.87,750.7,5,3.17,2.76,8.66,52.58
ORD102451,Electronics,Standard,2827,7.78,314.1,5,3.56,8.91,7.31,55.38
ORD102399,Books,Same-Day,5749,3.79,807.9,1,2.55,3.98,8.3,47.33
ORD100800,Electronics,Same-Day,5149,2.97,238.8,5,3.84,8.94,1.33,35.93
ORD103033,Books,Standard,5846,3.62,631.9,6,4.64,4.28,6.73,61.88
ORD102795,Home & Kitchen,Standard,9177,4.63,685.1,8,2.46,4.91,4.18,70.89
ORD101914,Electronics,Express,7943,3.76,647.0,7,2.88,4.07,6.89,60.44
ORD102818,Home & Kitchen,Same-Day,5678,5.33,361.9,5,1.65,3.58,9.86,43.48
ORD101140,Fashion,Express,1569,2.65,225.7,3,3.33,1.98,5.22,32.79
ORD100509,Fashion,Express,4680,4.29,534.4,4,3.98,2.38,1.79,36.55
ORD103135,Fashion,Standard,5595,2.85,31.8,4,2.89,6.29,5.39,39.02
ORD102405,Beauty,Express,883,2.52,914.9,3,1.34,3.32,4.31,53.72
ORD101973,Beauty,Standard,863,3.34,387.7,1,2.62,1.86,4.17,44.67
ORD102310,Fashion,Express,570,2.37,769.8,2,1.95,9.68,5.77,64.58
ORD101317,Beauty,Standard,300,2.54,822.0,3,3.2,8.13,9.28,74.24
ORD102809,Fashion,Express,4861,3.1,869.2,6,2.56,4.03,6.71,65.62
ORD102358,Beauty,Same-Day,1918,3.09,584.7,1,2.61,6.49,3.63,38.95
ORD100682,Electronics,Same-Day,6190,2.92,106.7,5,4.1,4.3,9.22,33.83
ORD100817,Electronics,Standard,3984,2.32,169.2,1,2.17,4.57,2.26,29.81
